CPF,Nome,Idade,Sexo,Email,Nota ENEM,Abandono,Qual Semestre,CRA após o 2º Semestre,CRA após o 4º Semestre,CRA após o 6º Semestre
23003043532,Johnathan Baker,26,Feminino,ivanrodriguez@example.org,649,False,,5.76,5.19,6.57
83990541366,Dawn Williams,26,Feminino,andrea87@example.org,733,True,6.0,8.15,8.9,5.41
22858085508,Brandon Brown,18,Masculino,james01@example.net,727,True,4.0,6.15,8.25,9.28
82871242412,Kathryn Cooper,23,Feminino,hwilson@example.com,744,True,6.0,6.4,7.41,9.35
40415716168,Larry Coleman,28,Masculino,bhess@example.com,649,False,,8.74,8.3,8.43
42471711877,Jane Harmon,21,Feminino,austinlee@example.com,679,False,,9.79,6.7,5.14
45402531964,Derek Odonnell,19,Feminino,yrodriguez@example.net,715,False,,8.24,6.33,8.62
72568078984,Amber Sanchez,18,Masculino,danielskimberly@example.com,730,True,2.0,6.12,5.1,7.77
90434218724,Cindy Hall,24,Feminino,osharp@example.com,653,False,,8.8,5.91,9.43
67221833608,Roberta Frazier,22,Feminino,mitchellstacey@example.com,668,True,8.0,5.14,5.74,7.51
58697820070,Jeremy Pierce,26,Masculino,adamhernandez@example.org,777,True,2.0,5.2,5.35,7.1
14430131662,Joshua Matthews,28,Feminino,lori99@example.com,671,False,,9.55,7.54,7.6
56397366825,Matthew Fisher,26,Masculino,sara98@example.org,645,True,3.0,9.8,6.73,9.68
98521787289,Russell Rodriguez,27,Masculino,jporter@example.org,719,True,3.0,6.67,5.35,8.78
32716775195,Scott Reese,18,Feminino,wadejessica@example.com,738,False,,6.7,6.65,6.48
55003135499,Stacy Gould,24,Masculino,halljulie@example.org,738,False,,7.49,6.3,6.3
54035561310,Tyler Cameron,25,Feminino,andrew69@example.org,705,True,6.0,7.99,9.76,7.52
76106880458,Jessica Lopez,21,Feminino,rspencer@example.org,662,False,,8.6,9.27,6.45
36666910971,Sara Lutz,28,Feminino,mcknightann@example.com,765,False,,5.0,5.16,5.8
96930378501,Tina Vang,23,Feminino,alexander15@example.org,679,True,7.0,5.86,7.93,6.57
75036041923,David Duke,28,Feminino,scottwhite@example.org,697,False,,6.87,6.46,7.15
90046449654,Mackenzie Cooper,20,Feminino,jamesphillips@example.com,697,False,,5.42,6.7,5.48
59275801013,Heather Manning,18,Feminino,garciaanthony@example.com,726,False,,7.75,6.73,6.53
63931037357,Melinda Richards,19,Feminino,anna37@example.org,680,True,7.0,8.14,9.26,6.21
63991941965,Robert Anderson,27,Feminino,amandalane@example.net,677,False,,5.15,6.92,6.83
75765299821,Joseph Silva,25,Feminino,emily61@example.net,664,False,,5.63,8.6,7.64
40045454520,Nathaniel Thomas,24,Masculino,rward@example.com,738,True,7.0,9.25,8.55,5.76
43401516823,Julia Wilson,24,Feminino,courtney73@example.org,787,True,5.0,9.22,9.23,8.2
18673563239,Michael Morris,19,Feminino,heatherlogan@example.com,779,False,,5.96,8.92,5.53
90628706859,John Sullivan,24,Masculino,dudleymichael@example.net,652,False,,6.15,8.75,5.36
44516343039,Diane Patterson,28,Masculino,rholloway@example.org,756,False,,7.69,6.27,5.14
86853530607,Jamie Jackson,21,Feminino,kristensanchez@example.org,797,False,,7.49,9.85,7.34
78211839418,Kelly Thornton,26,Masculino,darlene02@example.org,684,False,,8.9,8.87,6.54
76645915142,Kelsey Wright,26,Feminino,robertmartinez@example.net,751,False,,5.84,5.31,9.4
78078062077,Christopher Mcdaniel,25,Masculino,michael33@example.net,740,False,,8.74,6.35,9.49
57072055373,Gavin Short,21,Feminino,ostafford@example.net,663,False,,8.53,7.94,6.88
42528245738,Kayla Smith,28,Feminino,garrett24@example.org,765,False,,9.74,5.42,8.2
96725143255,Geoffrey Patterson,22,Feminino,gonzalesbrandon@example.org,703,False,,7.21,7.99,7.53
2011539428,Elizabeth Sullivan,20,Masculino,petersmario@example.net,767,False,,8.63,8.63,6.72
89115216295,Tammy Liu,27,Masculino,qwilliams@example.com,674,False,,6.24,7.77,9.42
31602062894,Luis Moses,23,Feminino,carolynjones@example.com,755,False,,7.8,6.5,6.56
65408091113,Jason Best,21,Feminino,dchavez@example.org,749,True,1.0,7.7,5.32,5.3
13268984747,Thomas Carson,20,Masculino,henry02@example.com,707,True,7.0,7.19,9.82,9.81
73247335104,Alyssa Payne,23,Feminino,omclean@example.com,685,True,5.0,8.78,8.31,9.49
32808468674,Savannah Sutton,27,Feminino,amy66@example.com,655,True,1.0,8.68,9.1,6.81
55327322141,Michelle Buck,18,Masculino,rogerskristina@example.com,764,True,2.0,8.86,7.53,9.13
87776518804,Kevin Huff,24,Feminino,berrymichael@example.net,676,True,3.0,5.15,9.45,8.77
162714603,Andrew Paul,22,Feminino,weberethan@example.net,721,True,3.0,9.91,8.33,6.32
72760087817,Troy Carr,21,Feminino,franklinangel@example.org,653,False,,5.53,6.29,9.65
75614630348,Austin Nelson,23,Masculino,mclayton@example.com,728,False,,5.53,8.51,7.21
74380200550,Amber Maxwell,21,Masculino,uschultz@example.net,641,False,,5.79,7.83,5.32
1517511640,Seth Lewis,26,Feminino,zjohnson@example.org,663,True,7.0,8.8,7.12,5.36
15646360837,Miranda Hunt DVM,28,Feminino,ernest57@example.com,719,True,5.0,7.26,7.5,9.23
44399505667,James Collins,22,Feminino,ramseymelinda@example.net,652,False,,7.2,9.13,5.79
60230480229,Cynthia Porter,27,Feminino,rdodson@example.com,786,False,,8.39,6.95,7.34
19689412598,Gina Johnson,19,Feminino,npierce@example.org,701,False,,5.72,8.13,9.1
45153326432,James Dunn,19,Feminino,reyesjennifer@example.net,707,True,7.0,7.53,8.14,9.29
8654459489,Pamela Porter,27,Feminino,wwood@example.com,747,False,,9.79,6.22,6.51
81045941051,Christina Thomas,20,Feminino,geralddennis@example.com,676,True,1.0,8.47,8.21,7.14
47200106435,Michael Morales,18,Feminino,danielletaylor@example.com,767,False,,8.11,8.38,7.66
61610557929,Kelly Williams,26,Feminino,tracymunoz@example.org,727,False,,9.98,8.7,9.5
55507241630,Zachary Rogers,18,Masculino,kathleen02@example.net,736,False,,8.33,5.9,8.8
43223672813,Jose Nelson MD,19,Masculino,mark64@example.org,714,False,,7.61,9.27,7.13
61357684464,Jacob Roberts,18,Feminino,joellopez@example.com,696,False,,8.21,6.33,8.95
84477853691,Casey Thomas,22,Feminino,kristinacraig@example.com,731,False,,7.39,9.25,8.59
55977503310,Meagan Kim,26,Feminino,reeseloretta@example.org,752,False,,8.98,6.61,6.71
35714259560,Rodney Rodriguez,21,Masculino,jray@example.net,734,True,3.0,6.36,8.9,9.53
77574538248,Peggy Hall,18,Feminino,parkerwilliam@example.org,712,True,1.0,5.26,7.2,5.68
12131414680,Tracey Holmes,23,Feminino,jeremy23@example.org,690,False,,9.94,7.24,8.82
62510201345,Blake Perez,22,Masculino,richard50@example.com,760,True,4.0,7.13,8.1,7.13
7110610469,Paula Velasquez,20,Feminino,danielgriffin@example.net,664,True,3.0,9.67,5.39,9.96
73270295427,Michael Meyer,26,Feminino,jeremy44@example.org,731,False,,9.38,6.61,9.68
3467087732,Rachel Williams,19,Masculino,rhunt@example.org,664,False,,6.3,5.81,5.46
29049785225,Brandon Kaiser,23,Feminino,johnsonjared@example.org,777,False,,9.21,7.95,9.17
59141582702,Denise Anthony,28,Masculino,gperez@example.com,676,False,,8.83,7.55,9.68
77224051125,Jessica Flores,23,Feminino,seth62@example.net,702,False,,8.24,8.87,8.6
43114780570,Brandon Christensen,21,Feminino,sharonlee@example.net,670,False,,6.87,6.64,6.5
20777605114,Daniel Woods,19,Feminino,andrewconner@example.net,711,False,,7.45,6.27,8.12
69186658113,Susan Gilmore,21,Masculino,russelldon@example.org,775,True,6.0,6.32,5.41,5.76
60196753444,Jennifer Norman,22,Masculino,angelawilliams@example.org,699,True,1.0,8.79,8.36,8.76
23543463037,Cody Powell,24,Masculino,ocampbell@example.com,690,False,,6.95,6.5,7.72
35164956564,Michele Roberts,26,Masculino,richardchavez@example.com,791,True,8.0,8.5,9.64,7.1
7962828415,Anita Wyatt,27,Feminino,chandlerelizabeth@example.org,670,False,,9.91,5.4,5.42
48829116032,Christopher Johnson,18,Feminino,elizabethfowler@example.com,745,False,,5.55,6.47,5.4
49015728095,John Mueller,27,Feminino,howard75@example.com,770,False,,7.71,8.33,6.63
76031662870,Rhonda Chapman,25,Feminino,michaelarnold@example.com,702,True,1.0,7.4,9.37,6.33
10548816357,Gabriela Calderon,27,Feminino,justin66@example.com,747,False,,6.55,6.24,8.99
29021375520,Joann Le,23,Feminino,ocrawford@example.com,782,False,,5.21,5.66,7.28
6986487886,Michael Vasquez,24,Feminino,imiller@example.org,737,True,6.0,5.61,9.28,6.69
19535041494,Jeffery Smith,24,Feminino,wattschristine@example.net,720,True,2.0,6.58,5.16,9.8
50753108054,Emily Bruce,26,Feminino,robert45@example.org,775,True,5.0,7.27,5.56,7.74
72149213965,Connor Perez,22,Feminino,ryanandrew@example.org,686,False,,6.82,5.97,6.13
19074053017,Christopher Hartman,27,Masculino,uhiggins@example.com,699,False,,5.85,8.56,9.27
74338891218,Dustin Gonzalez,23,Feminino,nguyenmatthew@example.net,763,False,,5.39,8.62,7.99
57175933738,Raymond Moyer,19,Masculino,sandranixon@example.net,685,True,5.0,9.46,6.99,9.83
93591745518,Shannon Brown,18,Masculino,gmiller@example.com,775,False,,7.11,5.88,8.48
72044086740,Carl Perez,27,Masculino,lisastrickland@example.net,658,False,,9.76,8.41,9.34
6099601354,Dawn Gonzales,25,Masculino,christian36@example.com,755,False,,9.37,6.59,6.94
39605773147,Renee Little,28,Feminino,rodriguezelizabeth@example.net,745,False,,5.73,5.95,9.5
92035240905,Emily Clark,24,Feminino,hortonjoseph@example.net,684,False,,7.44,6.32,9.31
77712101185,Keith Mata,20,Masculino,frankpaul@example.org,657,True,8.0,8.62,7.74,5.16
46376836702,Andrew Brown,26,Masculino,antoniogarrett@example.org,764,False,,5.25,6.0,8.54
91951338954,Teresa Nelson,20,Feminino,adamsjoseph@example.net,764,False,,6.31,9.22,7.59
36542387671,Valerie Poole,23,Masculino,scottmolly@example.net,741,False,,7.88,6.1,6.38
72230112245,Tara Walker,22,Feminino,pamela43@example.com,647,True,2.0,7.6,9.76,7.9
59443136263,Eric Davis,27,Masculino,brandonnelson@example.org,760,False,,6.37,7.92,7.63
80179530851,Kimberly Walker,21,Masculino,kristahines@example.org,696,True,8.0,5.8,9.94,5.44
23498768970,Patrick Young,20,Masculino,richardsonmatthew@example.com,787,False,,5.98,8.21,6.14
92018129389,Rhonda Peterson,18,Feminino,velezrandy@example.com,716,False,,8.8,6.87,5.95
8589943028,Colleen Galvan,27,Masculino,nathanbrady@example.net,720,False,,9.74,8.41,6.39
98966358166,Amy Gray,19,Masculino,robert77@example.com,678,False,,7.32,6.1,7.66
68188661377,Omar Turner,28,Masculino,virginiamiller@example.net,744,True,8.0,5.94,9.78,9.84
49282610591,John Diaz,18,Masculino,durantina@example.com,678,False,,5.9,9.51,6.1
8931492244,Mackenzie Hall,28,Masculino,hhernandez@example.com,718,True,8.0,7.86,8.99,7.9
34665843758,Cheryl Rice,19,Feminino,kellylaura@example.org,646,False,,6.8,8.55,8.6
21211535694,Scott Grant,24,Feminino,villaeric@example.net,669,False,,8.77,8.22,5.27
50860355426,Abigail Stafford,21,Feminino,ypeterson@example.org,653,True,7.0,5.22,9.26,7.27
26034172560,Jennifer James,24,Feminino,ashleyarroyo@example.org,716,False,,6.8,8.96,5.2
31462268457,Sarah Martin,26,Masculino,angelanelson@example.net,725,False,,9.55,6.62,5.26
31032352256,Linda Welch,22,Feminino,jerry93@example.org,791,True,6.0,6.49,9.66,5.5
1062580429,Amanda Yu,26,Feminino,emilymartinez@example.com,731,False,,8.15,7.74,8.86
30959251719,Carlos Weber,23,Feminino,daniellemorton@example.net,719,False,,8.43,8.81,9.2
68600856531,Kelly Neal,22,Masculino,nicole95@example.org,658,False,,9.5,9.41,6.61
71075239981,Stephen Parsons,23,Feminino,meyerholly@example.com,654,False,,9.18,5.91,9.15
17295716364,Lori Higgins,27,Feminino,bhernandez@example.com,726,True,6.0,9.89,6.23,8.55
42342536029,Deanna Lewis,24,Feminino,ucampbell@example.net,718,False,,9.16,9.23,5.97
8030220808,Paul Jones,22,Feminino,cannonjohn@example.com,790,True,6.0,8.39,6.4,9.16
8931733802,Jessica Phillips,28,Feminino,anitagray@example.org,729,False,,8.89,9.23,5.65
14599903443,Jimmy Lucas,25,Masculino,jordanwells@example.org,783,False,,8.38,7.56,9.4
57608671787,Paul Davis,28,Feminino,tmaldonado@example.net,747,False,,7.93,5.3,7.55
70539879756,Timothy Daniels,22,Masculino,joannafernandez@example.org,795,False,,9.92,8.56,5.25
93093440585,Caleb Chan,22,Masculino,rochaleslie@example.com,791,True,1.0,7.18,6.25,5.55
84014725762,Wendy Smith,27,Feminino,tracey38@example.org,675,False,,5.37,8.56,7.47
75893847762,Kelly Lawson,21,Masculino,colemananne@example.com,735,False,,6.46,5.95,7.66
29873563648,Daniel Ferguson,23,Feminino,vargasdaniel@example.com,650,True,7.0,6.93,8.63,5.3
7635639904,Richard House,24,Masculino,ronald56@example.org,751,False,,5.97,6.17,7.5
37958109400,Blake Jennings,21,Masculino,davidrobinson@example.net,749,True,6.0,9.1,5.83,9.17
17238412771,Emily Brown,27,Feminino,fordkaitlyn@example.net,700,False,,7.4,6.28,5.67
63335557612,Mark Hahn,19,Feminino,rlewis@example.org,666,False,,9.5,6.39,6.19
96263272169,Daniel Garrett,20,Feminino,melissaweber@example.org,776,True,8.0,9.27,6.5,7.83
49700519528,Mrs. Lori Arnold,23,Feminino,brittany41@example.net,733,False,,8.75,9.74,9.86
49280289006,Amanda Moore,23,Feminino,kimberlyjames@example.org,702,False,,8.66,6.73,5.22
62793801409,Barbara Rivera PhD,25,Feminino,katherine98@example.net,750,True,2.0,7.13,9.4,8.41
63231064410,Lisa Mcbride,19,Feminino,heathermitchell@example.org,704,False,,8.78,5.57,9.31
3686132217,Kyle Glenn,25,Masculino,rachaelolson@example.net,765,False,,5.31,6.7,7.88
47662000120,Kevin Frank,19,Feminino,gbryant@example.com,746,True,6.0,5.86,9.87,6.37
72991695828,Dr. Tammy Raymond,21,Feminino,christopher78@example.com,653,False,,6.28,6.91,5.58
71345260860,Wanda Dalton,18,Feminino,garrettstanley@example.net,718,False,,8.36,5.4,8.9
56195640079,Thomas Cooper,19,Masculino,castilloandrew@example.org,729,True,1.0,9.2,8.45,6.89
30886552056,Jason Mitchell,23,Feminino,curtisthomas@example.org,706,False,,9.81,8.23,9.61
51847023947,Felicia Sparks,20,Feminino,caitlinsmith@example.org,764,False,,6.44,9.81,5.83
49447429542,Michael Ibarra,28,Feminino,nicole41@example.net,655,False,,9.77,7.98,6.75
63009858908,Tim Yu,26,Feminino,andrewsrenee@example.com,757,False,,9.41,9.93,5.18
3004204425,Mr. Darren Valentine MD,19,Feminino,oterry@example.com,783,False,,8.44,8.73,6.55
26961050151,Matthew Moore,19,Masculino,lucasbecker@example.com,717,True,8.0,9.87,5.77,8.5
10529069926,Joseph Edwards,23,Masculino,taylorrose@example.net,753,True,8.0,7.23,7.61,5.4
51642995371,Kimberly Vazquez,18,Masculino,sjohnson@example.net,685,False,,6.85,7.27,6.13
26090509632,Jason Bennett,18,Feminino,xskinner@example.com,674,False,,7.78,8.77,7.65
87269823594,Tina Baker,18,Feminino,ericksonwhitney@example.com,775,True,7.0,7.41,5.11,8.82
14760125141,Debbie Oliver,26,Feminino,steven93@example.net,720,True,1.0,6.84,8.83,5.94
90510290214,Joshua Yates,21,Feminino,meghancasey@example.net,657,True,4.0,5.62,6.4,6.48
23518207639,William Whitehead,20,Feminino,thomaswelch@example.net,735,False,,5.36,5.23,9.77
89698241419,Stephen Williams,24,Masculino,edward44@example.org,749,True,5.0,5.65,8.27,9.75
65177444066,Carol Hall,28,Feminino,lindsay11@example.net,785,False,,7.17,5.83,5.8
32216576284,Bryan Bell,28,Masculino,mperez@example.net,677,False,,9.73,8.35,6.9
48286070540,Joseph Lynch,27,Feminino,yreed@example.com,794,True,2.0,9.31,7.71,9.97
88543644017,Eric Conley,27,Masculino,uleonard@example.com,672,True,3.0,8.0,8.43,8.3
21368199862,Julie Mejia,24,Masculino,alexanderderrick@example.com,719,False,,5.75,5.45,6.76
33268724300,Austin Shaw,27,Masculino,vincentwilson@example.net,765,True,1.0,6.27,8.37,6.98
67855136270,Andrew Robinson,20,Masculino,isandoval@example.org,689,True,5.0,7.81,7.37,5.39
33087989223,Tyler Hardy,26,Masculino,ghardy@example.org,744,False,,9.17,9.11,8.95
10407210002,Charles Lawrence,18,Masculino,matthewbest@example.com,795,False,,9.95,9.82,9.56
17989701791,Dawn Hill,28,Masculino,stuartgarcia@example.com,721,False,,8.62,7.88,7.24
93754995214,Margaret Clay,28,Masculino,nbrown@example.org,641,False,,9.76,7.98,5.26
81324798446,Eugene House,22,Feminino,pmanning@example.net,754,False,,7.6,9.1,5.19
7457508616,Brenda Walter,26,Feminino,ewilson@example.net,652,True,6.0,7.69,6.23,9.75
24159012743,Adam Sweeney,24,Feminino,parkmichele@example.org,788,True,2.0,5.18,6.1,6.64
1281206045,Tammy Harper,20,Masculino,egarcia@example.net,760,False,,8.35,8.86,5.58
40256753036,Richard Taylor,25,Masculino,gillrebecca@example.org,793,False,,7.94,7.96,9.0
86520953729,Julia Russell,24,Feminino,nduncan@example.org,695,False,,7.65,5.99,7.98
80372605722,Willie Barnes,21,Feminino,qmartinez@example.net,747,False,,7.65,8.74,6.37
57737172457,Virginia Fitzpatrick,21,Feminino,audreygutierrez@example.com,643,False,,9.66,5.29,6.29
41779839107,Kent Ramsey,28,Feminino,andrewadams@example.net,717,False,,9.5,9.22,6.4
78973237453,Michelle Sims,22,Feminino,hcooper@example.net,674,True,8.0,6.5,8.94,8.69
69950490193,Jennifer Guerrero,23,Feminino,russell78@example.org,762,False,,5.49,8.15,9.3
81023255166,Jeremy Smith,22,Masculino,robert37@example.org,694,False,,6.68,9.86,7.35
71424296031,David Everett,20,Feminino,uingram@example.org,770,False,,7.71,7.96,6.31
53188397533,Shane Wilson,25,Masculino,carolinecole@example.net,772,True,3.0,5.31,5.13,7.8
53182653504,James Davis,18,Feminino,eric49@example.com,775,True,3.0,8.2,5.24,5.99
22869430163,Jessica Turner,23,Feminino,qjensen@example.org,704,False,,9.85,6.14,9.19
8229811986,Jacqueline Melton,28,Masculino,nwalsh@example.com,789,False,,5.38,6.14,8.46
45475293418,Susan Johnson,26,Masculino,cday@example.net,671,True,3.0,8.66,8.45,9.49
60134595126,Janice Simmons,19,Masculino,toddjennifer@example.com,702,True,3.0,5.22,7.99,8.5
8394649662,Christopher Fisher,20,Masculino,michaelhenry@example.org,764,False,,8.18,9.13,7.75
39150656618,Brianna Allen,21,Feminino,smithdavid@example.org,714,False,,9.28,7.87,6.64
72187405085,Kyle Lamb,18,Masculino,vperkins@example.org,680,False,,9.48,5.6,8.71
59030911357,Jessica Quinn,21,Feminino,cassandracabrera@example.net,716,False,,6.64,7.99,6.87
92385850998,Michael Herrera,21,Feminino,brian20@example.com,705,True,7.0,5.42,9.14,9.45
23482074419,Joshua Sullivan,22,Feminino,tharper@example.net,770,False,,7.77,9.21,8.46
93149156151,Yvonne Jackson,21,Feminino,anita31@example.com,783,False,,7.94,9.87,9.58
95421614157,Jerry Cunningham,22,Feminino,keithjames@example.com,674,False,,9.13,5.93,5.13
15047830391,Rebecca Hamilton,27,Feminino,jonessteven@example.com,726,False,,8.43,9.59,9.18
9766633602,Melanie Benson,20,Masculino,stephaniethomas@example.com,769,False,,7.72,8.46,8.83
74180308288,Lisa Pennington,23,Feminino,robert55@example.com,768,True,4.0,5.26,5.53,5.51
46460358823,Erik Hoffman,21,Masculino,megan79@example.com,666,False,,5.76,6.26,5.85
88269782249,Bryan Gamble,21,Masculino,sean05@example.net,787,True,6.0,8.92,7.78,8.1
84032186258,Jacob Chan,21,Masculino,jesse08@example.com,795,False,,7.12,6.41,9.48
18673576791,Karen Brown,28,Feminino,williamking@example.com,656,True,2.0,5.72,6.21,8.99
36619719024,Tanya Wiggins,19,Feminino,george44@example.net,671,False,,9.97,7.75,5.53
29162975474,Ryan Roach,23,Feminino,mrowe@example.net,765,False,,7.7,7.31,7.92
76001265328,Sheila Smith,22,Feminino,natalie28@example.com,645,True,3.0,7.6,6.11,9.51
3899783150,Joanne Lyons,22,Feminino,patricia57@example.org,781,False,,8.65,5.44,5.36
85069123035,Megan Duffy,23,Masculino,shelly84@example.com,727,False,,6.59,7.37,6.1
94867286499,Travis Graham,19,Masculino,millerlisa@example.org,735,False,,6.68,7.4,8.79
87086400750,Matthew Smith,20,Masculino,brian99@example.org,669,False,,8.85,6.84,9.57
78122081000,Nicholas Anderson,25,Masculino,erin48@example.org,794,False,,7.51,9.14,9.97
7998865812,Barbara Martinez,18,Feminino,robertcarter@example.net,691,False,,9.29,5.74,8.35
79924308934,Valerie Molina,19,Feminino,uhall@example.org,735,False,,9.22,8.93,5.57
50558254892,Brett Gonzales,25,Masculino,harrellmonica@example.net,778,True,1.0,6.56,5.51,6.92
88253801854,Vanessa Hughes,19,Feminino,john57@example.net,661,True,8.0,6.83,9.97,6.71
81809346665,April Walter,21,Masculino,tammybrooks@example.com,734,False,,7.81,9.47,5.69
34647186527,Samantha Crawford,26,Feminino,melissabrown@example.net,641,False,,6.79,6.91,7.32
6303487388,Jillian Arnold,21,Masculino,sellis@example.net,771,False,,5.5,5.82,8.34
52422302413,Meghan Rodriguez,21,Feminino,alanwood@example.com,742,False,,9.73,6.98,5.99
13064717747,Richard Watson,26,Feminino,colleencolon@example.org,748,True,6.0,6.64,9.82,9.69
48234621873,Ann Sherman,24,Masculino,jessica48@example.com,748,False,,6.88,6.96,9.39
37510665214,Shane Daniel,20,Masculino,brendabeck@example.net,687,False,,9.21,5.22,8.2
85451251488,Ricky Willis,27,Feminino,hsnyder@example.com,796,False,,6.31,8.6,5.51
88091979346,Timothy Rivera,27,Masculino,igraves@example.net,675,True,7.0,7.42,5.36,6.55
38277170556,Candice Mcgrath,28,Feminino,jmorales@example.org,766,False,,5.84,5.1,9.42
58320514646,Lisa Holmes,21,Feminino,carterjose@example.org,786,True,8.0,8.98,6.2,7.45
24139961516,Nicholas Cox,20,Masculino,bramirez@example.org,751,True,8.0,5.18,9.8,7.39
15281717717,Laura Barrett,18,Feminino,kathrynlarsen@example.net,657,False,,7.94,8.16,5.8
72816222331,Paul Trevino,26,Feminino,marksolomon@example.org,737,False,,6.4,5.8,9.16
26679972986,Phyllis Miller,26,Feminino,katherine44@example.org,674,True,4.0,5.24,5.6,5.49
71911994789,Gary Fletcher,24,Masculino,courtneyblack@example.com,760,True,3.0,6.37,9.34,5.94
74134446053,David Johnson,23,Masculino,elove@example.org,726,False,,8.47,9.46,8.98
15135251293,Benjamin Henderson,19,Feminino,cabreraeric@example.net,784,True,4.0,7.79,7.48,5.48
67657717609,Emily Oneill,22,Feminino,sierralewis@example.com,739,False,,9.64,8.5,6.27
83886822649,Tami Ferguson,19,Masculino,zwilson@example.com,752,False,,6.98,9.87,6.21
98421421385,Mark Rubio,20,Masculino,jason16@example.net,760,False,,9.78,7.81,6.6
51838875815,Kevin Cervantes,24,Feminino,rogerscharles@example.org,800,False,,6.4,9.39,8.4
42067224069,Christopher Rodriguez,25,Feminino,ereynolds@example.net,744,False,,5.67,5.27,8.58
542177224,Mary Madden,24,Feminino,gortiz@example.com,790,False,,7.41,8.59,9.6
96446700132,Kenneth Haley,27,Feminino,foneal@example.com,761,True,6.0,7.35,7.55,6.12
71941856168,Brenda Galvan,18,Feminino,woconnell@example.com,653,False,,7.18,9.8,5.68
13562701033,Linda Marshall,22,Feminino,diana94@example.net,800,True,3.0,6.6,9.92,7.39
48899857528,Larry Guzman,27,Masculino,michelle71@example.org,789,False,,6.68,5.6,5.39
79835538745,Jonathan Stokes,28,Masculino,scottobrien@example.net,757,False,,8.89,8.22,6.78
75195352842,Gary Mckinney,21,Masculino,ireyes@example.net,761,True,7.0,5.36,9.37,5.25
21260506881,Charles Sherman,19,Feminino,fbrown@example.net,646,False,,7.75,5.97,8.82
6004849795,Ann Lester,25,Feminino,bedwards@example.com,756,False,,7.13,5.14,9.68
38771614595,Lawrence Williams,21,Feminino,hartlisa@example.com,647,True,7.0,5.59,8.13,8.4
22297230325,Laura Lane,18,Feminino,brenda94@example.com,694,False,,6.19,5.78,5.76
40415310896,Kathy Sanchez,23,Feminino,wroman@example.org,793,False,,8.37,6.3,6.3
88498835487,Patrick Simmons,21,Feminino,michael92@example.com,643,False,,7.33,7.56,8.36
16954639963,Raymond Davis,24,Feminino,achristensen@example.org,685,True,6.0,7.84,9.76,7.93
35373659752,Amanda Griffin,22,Feminino,nicolewilson@example.com,719,True,5.0,8.0,9.4,9.2
63263179258,Maurice Kim,25,Feminino,krasmussen@example.org,675,True,4.0,8.7,5.92,9.62
76210332343,Megan Bauer,22,Masculino,kbridges@example.net,644,False,,5.73,7.22,9.7
15681064568,Damon Ball,25,Feminino,maryhernandez@example.com,718,False,,6.92,8.23,5.62
87089397672,Robert Clements,26,Masculino,tayloramy@example.org,794,False,,8.91,8.63,5.86
17638474671,Bryan Kane,26,Masculino,james15@example.net,763,False,,5.75,5.92,8.34
52772818212,Rebecca Jones,19,Feminino,haastammy@example.net,716,True,2.0,5.22,6.46,6.31
83310888300,Cheryl Patterson,22,Feminino,hdorsey@example.net,712,False,,7.7,9.9,7.42
37767445512,David Blankenship,21,Masculino,seanwhite@example.com,702,False,,7.93,6.96,9.43
48577101160,Phillip Torres,27,Masculino,pattersonashley@example.com,649,False,,8.24,7.6,5.63
81559270015,Heather Berger,18,Feminino,vnguyen@example.net,687,False,,5.16,6.59,7.56
29987134734,Raymond Perez,25,Feminino,travis05@example.org,767,False,,6.47,6.69,7.8
81385662382,John Campbell,22,Masculino,michaelgreene@example.org,716,True,7.0,6.27,5.12,9.47
44486811083,Jose Young,28,Feminino,gmiles@example.com,652,False,,8.25,8.72,6.2
77791508079,Joanne Adams,21,Masculino,arnoldlisa@example.net,768,True,1.0,7.98,5.65,7.73
92185248457,Kenneth Ayala,20,Feminino,davissue@example.org,694,False,,5.75,8.2,9.92
63943119782,Daniel Armstrong,25,Masculino,parkanthony@example.com,714,False,,7.8,9.68,9.33
33912136486,Alexandra Cummings,19,Feminino,jonathanwarren@example.com,760,True,7.0,7.56,7.29,9.99
43806653059,Joe Hernandez,28,Masculino,arthur97@example.com,684,True,8.0,9.31,6.99,6.77
57691196807,Jeanette Simpson,18,Masculino,hwilson@example.org,784,True,2.0,8.85,7.36,5.42
62226145851,Joseph Hines,18,Feminino,wrightrebecca@example.com,800,False,,8.13,8.52,9.51
69232551568,Raymond Hall,26,Masculino,amandalucas@example.com,755,True,3.0,5.55,7.38,8.87
53512518778,Monica King,28,Feminino,connor34@example.net,783,False,,7.49,8.27,8.12
16576340942,David Johnson,23,Feminino,joe33@example.org,643,False,,6.81,8.14,8.35
53065980523,Jennifer Patel,21,Masculino,martinezkerry@example.com,677,True,4.0,5.44,9.9,7.16
56328046734,Ryan Wagner,24,Feminino,victor99@example.net,643,False,,5.99,8.53,6.79
27384508458,Joshua Johnson,24,Feminino,laura50@example.net,745,True,5.0,5.38,6.24,6.87
83231516678,Brian Day,19,Masculino,benjamin89@example.net,689,False,,9.6,7.5,9.37
79435755708,Paul Smith,21,Masculino,rhamilton@example.com,789,False,,8.85,7.42,8.81
38897681144,Brandon Allen,22,Feminino,ashley12@example.com,667,False,,9.11,5.4,7.2
11620288083,Christopher Valdez,25,Feminino,lindarosales@example.net,711,True,5.0,7.77,5.85,6.94
28380277643,William James,25,Masculino,nathanjohnson@example.com,686,False,,9.64,5.33,6.5
68962062983,Kyle Barker,25,Masculino,william73@example.net,682,True,3.0,5.32,5.74,8.0
31869279249,Miss Sandra Wade MD,21,Masculino,lorifranklin@example.net,640,True,2.0,7.25,6.16,7.93
93467173157,Jennifer Campbell,20,Masculino,marieclark@example.org,757,False,,7.74,7.16,5.92
19317584870,James Hall,26,Feminino,smckee@example.net,759,False,,8.77,5.42,6.85
15382630543,Thomas Williams,25,Feminino,sosadaniel@example.com,764,True,6.0,6.26,7.12,8.77
94765135656,Kenneth Washington,23,Feminino,mark57@example.org,700,False,,7.9,9.3,5.44
34570870880,Justin Lowe,18,Feminino,patriciacarroll@example.net,765,False,,9.68,6.47,9.71
55407760642,Russell Fowler,20,Feminino,whitemichelle@example.com,751,False,,6.78,5.44,7.84
43998798807,Denise Byrd,26,Feminino,adriana07@example.org,799,True,1.0,9.79,9.98,5.92
53060741136,Billy Robinson,24,Feminino,fmorris@example.org,698,True,8.0,9.92,9.87,8.6
49666602723,Cheryl Flores,27,Feminino,brian00@example.org,772,False,,8.8,9.25,7.81
30740469240,Linda Martinez,24,Feminino,loganallen@example.net,760,False,,6.1,8.42,7.51
49929537844,Brady Johnson,26,Masculino,carlosbarnes@example.net,657,False,,6.86,5.45,8.55
83157720096,Adrian Barton,27,Feminino,gonzalezjenna@example.net,712,False,,8.67,8.31,6.37
98085286084,David Krueger,20,Feminino,npotter@example.com,642,False,,9.51,7.27,9.91
53653390117,Brian Miller,23,Feminino,riveradouglas@example.net,676,True,6.0,7.91,9.92,8.98
96724889930,Michael Henderson,23,Feminino,cwalker@example.net,687,True,2.0,6.37,6.41,5.76
75378090984,Marco Murphy,27,Masculino,jrichardson@example.org,704,False,,8.96,6.9,9.36
53939382427,Jessica Holt,27,Feminino,hannadominique@example.com,775,False,,5.8,7.36,6.1
83996018179,Michael Jackson,27,Masculino,ufrazier@example.com,783,False,,5.44,8.64,8.6
18031108657,Ashley Sanchez,18,Feminino,joseph87@example.net,795,False,,9.2,7.88,5.41
66175382980,Angela Knight,28,Feminino,michael62@example.org,753,False,,7.2,7.59,8.62
34217210443,Hannah Taylor,21,Masculino,williambaldwin@example.org,662,True,7.0,8.37,8.88,5.92
13684020923,Mr. Kevin Lee,24,Feminino,denisebuck@example.org,688,True,4.0,9.9,9.87,8.88
73824840234,Lisa Brown,25,Feminino,carrie21@example.com,786,True,8.0,5.89,6.92,9.18
1023806396,Joshua Rhodes,21,Feminino,mcmahonscott@example.com,731,False,,7.71,6.39,9.9
74630158462,Keith Williams,20,Feminino,amy34@example.net,709,False,,9.91,9.48,5.96
86602400794,Anita Young,24,Feminino,wperkins@example.com,641,False,,9.21,8.64,7.44
55919152783,Chase West,20,Feminino,tammy21@example.net,692,False,,8.51,7.24,5.62
65255492753,Brittany Ayala,26,Masculino,dominicmiller@example.com,736,True,7.0,5.43,5.93,5.17
49252598182,Mark Scott,19,Masculino,tortega@example.net,762,False,,6.36,6.66,7.74
40573576602,Jennifer Alvarez,19,Masculino,gsmith@example.com,712,False,,9.13,5.14,6.9
59826470031,Marcus Bernard,19,Feminino,athomas@example.org,767,False,,7.94,8.56,8.97
49142549444,Kenneth Sosa,24,Feminino,ufrazier@example.net,773,False,,8.42,9.91,7.89
76338084555,Kelsey Wilson,19,Feminino,jonesjustin@example.com,798,False,,9.84,7.39,6.19
63949009775,Michael Green,21,Feminino,tammy52@example.com,651,True,1.0,7.45,8.89,5.27
70078760090,Ashley Carson,23,Feminino,bcarter@example.net,694,False,,8.96,8.78,8.7
37545284917,Darius Lee,28,Masculino,christina62@example.org,757,False,,6.97,8.74,5.62
91632707676,Dr. Douglas Curry,26,Masculino,keith21@example.net,721,False,,7.62,7.53,9.47
94445258820,Nicole Wilkins,23,Feminino,rebekahrhodes@example.net,685,False,,9.29,6.27,6.25
17096485027,Scott Johnson,24,Masculino,jessica68@example.org,660,False,,5.72,5.55,7.25
39835637107,Haley Flores,27,Masculino,yolandahatfield@example.com,693,False,,9.4,6.4,8.72
90939825231,Taylor Carter,18,Feminino,karlwilliams@example.org,640,True,1.0,7.92,7.88,6.86
65327865463,Evan Patrick,22,Masculino,eric29@example.com,746,False,,8.23,5.7,5.94
14297656325,Michelle Bonilla,19,Masculino,gvasquez@example.com,746,True,3.0,6.64,9.62,9.15
33075882226,Mr. William Alvarez MD,24,Masculino,dfisher@example.net,716,False,,7.4,5.92,6.52
94575037872,Bryan Owens,27,Masculino,phoover@example.org,741,False,,7.5,5.71,8.38
50844849757,Ashley Smith,19,Feminino,christinepowell@example.net,792,True,4.0,6.63,6.5,9.41
21852417734,Anne Miller,22,Masculino,ereyes@example.net,774,False,,7.49,6.6,9.77
82667975381,Thomas Hunter,28,Feminino,rodriguezstephanie@example.org,762,False,,7.79,6.73,8.56
92452857763,Danny Livingston,27,Masculino,grace55@example.net,728,False,,5.93,5.62,8.27
36162149419,Katherine Castillo,21,Feminino,rebecca06@example.net,774,False,,7.86,8.96,8.78
89426241328,Michelle Smith,23,Masculino,elizabeth84@example.org,696,True,8.0,5.37,8.7,8.2
19599850348,Carrie Brown,26,Feminino,melissa11@example.org,688,True,5.0,5.57,6.73,6.58
70265966772,Kimberly Hooper,24,Masculino,jenniferpetersen@example.net,744,True,4.0,7.93,7.14,7.39
31231005343,Robert Davis,22,Masculino,cindy32@example.com,653,False,,7.25,9.23,5.56
14425366324,Jill Miller,20,Masculino,sydneywood@example.com,711,False,,7.51,5.98,9.1
81892198994,Chloe Hayes,27,Masculino,lawrencebrittany@example.org,780,False,,8.38,7.8,6.63
71186442465,Kelly Ortiz,19,Masculino,mmontoya@example.net,776,True,2.0,9.98,9.56,8.7
65524751988,Amy Mcdowell,23,Feminino,zsimmons@example.com,705,False,,8.94,7.19,9.36
67277097208,Richard Harding,28,Masculino,krausescott@example.net,772,False,,5.47,8.73,6.1
88228133689,James Mitchell,23,Feminino,wilsonscott@example.org,724,False,,6.45,7.36,7.71
81058572472,Joseph Sanchez,20,Masculino,knightsteve@example.net,679,False,,6.44,8.3,5.78
80367418069,Beth Reed,27,Masculino,torresmichele@example.com,737,False,,8.2,8.33,7.34
71752350296,Amy Carlson,19,Feminino,qberry@example.com,800,True,8.0,6.64,7.14,8.4
10224759361,Stephanie Clark,28,Masculino,lauren33@example.com,676,False,,9.11,8.66,9.98
22392542521,Jennifer Smith,19,Masculino,grussell@example.com,692,True,8.0,7.42,7.62,8.7
90356647959,Lee Hutchinson,20,Feminino,patriciagarcia@example.net,728,False,,5.6,9.9,9.87
68360427854,Jason Klein,25,Feminino,martinezbilly@example.net,726,True,2.0,7.6,5.13,9.54
12763924102,Andrew Ware,18,Feminino,brice@example.org,745,True,5.0,8.31,5.7,7.56
19205427518,Amanda Williams,26,Feminino,samanthanewman@example.org,785,False,,6.5,8.39,7.38
2106652466,Tracy Davis,27,Masculino,larry53@example.com,772,False,,6.41,5.43,6.93
88759553561,Kari Cohen,24,Masculino,guerraadrian@example.net,749,False,,5.48,6.94,5.52
33972735740,Brittany Jones,28,Feminino,grosskyle@example.org,646,False,,9.73,7.37,6.37
24502240158,Stephanie Allen,22,Feminino,gallegosrachel@example.net,741,False,,7.42,6.6,6.9
25380838643,Robin Macdonald,22,Masculino,mooremichelle@example.org,769,False,,9.42,5.41,7.27
53595473851,Michael Roberts,18,Feminino,fieldstara@example.net,691,False,,9.97,7.27,8.99
9053572972,Zachary Kelly,21,Masculino,moralesjoseph@example.net,645,True,3.0,7.13,5.29,5.38
82767777602,Mitchell Mejia,18,Feminino,pam62@example.org,669,False,,9.48,8.26,6.8
77547538621,Joseph Chung,28,Masculino,stephanie82@example.com,671,True,4.0,6.52,6.53,7.6
726164833,Zachary Stewart,18,Feminino,tammymcintyre@example.com,800,False,,6.3,5.42,5.36
33865204132,Tracy Smith,19,Feminino,matthew89@example.net,640,False,,5.0,5.81,5.65
92496133955,Matthew Taylor,18,Masculino,petersoncrystal@example.org,685,False,,8.73,8.14,5.21
90828682169,Jacob Rodriguez,26,Feminino,reynoldsshannon@example.org,749,False,,8.33,8.95,7.18
93850318141,Heidi Herring,23,Masculino,catherine12@example.org,750,False,,8.3,9.82,9.1
48001071646,Seth Weber,18,Masculino,heidiburns@example.org,795,False,,9.2,8.9,8.51
56161900403,Mercedes Fuller,27,Feminino,gsanders@example.net,647,True,7.0,7.54,9.35,7.28
18946388918,Karen Lane,26,Feminino,scottwatts@example.net,744,False,,8.58,9.92,8.68
91908345981,Ashley Phillips,25,Feminino,rebecca66@example.com,657,False,,6.63,8.75,9.9
88875892351,Lorraine Thompson,27,Masculino,larsenvictoria@example.com,697,False,,8.91,7.0,5.26
96874473872,Patricia Cooley,26,Feminino,philipreilly@example.net,729,False,,5.77,9.29,7.8
53196742261,Sue Rice,22,Masculino,santiagoroger@example.com,710,False,,6.34,9.66,8.25
40580615979,Jasmine Smith,26,Masculino,grayalexa@example.org,660,False,,9.38,5.43,9.81
19803579944,Jessica Wallace,20,Feminino,tkennedy@example.com,659,False,,8.32,7.55,7.75
48840105348,Veronica Turner,18,Feminino,joseph82@example.net,654,False,,6.68,5.7,7.52
84836797818,Sharon Clark,23,Masculino,cowen@example.org,706,False,,5.5,8.3,6.39
17202070254,Joshua Parker,20,Feminino,coconnell@example.net,728,True,3.0,5.7,5.95,5.18
45114548627,Christopher Mccarthy,24,Feminino,hwilliams@example.org,653,True,8.0,7.31,7.99,7.23
1965862123,Lisa Shea,27,Feminino,nmartinez@example.org,772,False,,9.52,6.63,5.2
87608571635,Dennis Henson,22,Feminino,munozpeter@example.org,796,False,,7.29,5.81,9.79
2033324053,Steve Shields,25,Feminino,meagan12@example.net,705,False,,9.19,9.52,7.27
28485666038,Terri Dyer,25,Masculino,zyoung@example.net,768,False,,6.33,5.53,8.24
71870797248,Jacob Booth,23,Masculino,josemurphy@example.net,693,False,,7.98,8.76,7.95
56738309171,Martha Chandler,18,Feminino,anita21@example.net,753,False,,8.87,8.49,8.97
32219653713,Johnny Rose,20,Masculino,rhondasmith@example.org,761,False,,7.2,7.83,7.63
57024145529,Angela Reid,21,Feminino,todd28@example.net,679,True,1.0,9.1,8.67,8.32
35888151364,Robin Park,24,Feminino,kimberly99@example.org,666,True,5.0,8.4,7.78,7.72
46790596018,Joseph Thomas,25,Masculino,hjones@example.net,784,False,,8.32,9.33,8.91
83650656037,Thomas Schaefer,28,Masculino,smithgerald@example.org,759,False,,8.35,7.42,6.5
53117366659,Melissa Johnson,18,Feminino,kennethchan@example.com,670,False,,7.1,7.35,8.8
19732096832,Nicole Martinez,25,Feminino,josephfreeman@example.net,656,False,,5.56,8.15,6.9
50330535503,April Hood,20,Feminino,fcarter@example.com,720,False,,5.5,7.4,5.23
8280478299,Bobby Hernandez,27,Masculino,jason23@example.com,683,True,1.0,5.7,9.4,5.76
84950556945,David Ward,20,Masculino,joshua23@example.com,662,False,,8.48,8.23,5.51
70517427002,Brooke Terry,19,Masculino,nrobinson@example.org,701,False,,8.29,6.26,8.14
88246562817,Dale Bennett,20,Feminino,hmalone@example.com,735,False,,5.58,9.97,5.88
35062026025,Leah Smith,20,Masculino,erichardson@example.com,768,True,6.0,6.63,9.55,8.81
97434624238,John Coleman,18,Feminino,eholmes@example.net,675,True,3.0,9.69,9.69,9.41
59888449172,David Lewis,23,Masculino,thenderson@example.org,724,False,,5.67,7.45,7.36
52018413174,Patricia Pope,18,Feminino,eric45@example.net,684,False,,9.53,8.91,9.81
12754632079,Kendra Thompson,24,Feminino,tammysmith@example.net,704,False,,7.96,8.44,6.18
51662398046,Rebecca Romero,23,Feminino,david04@example.com,781,False,,5.18,9.52,7.84
73530586131,Tammy Harris,22,Feminino,joshuayoung@example.com,793,False,,7.88,5.51,9.42
55626374885,Janet Santos,23,Feminino,amyjones@example.net,753,False,,5.5,5.9,9.13
91278193917,Mikayla Smith,18,Feminino,amanda92@example.org,724,True,5.0,5.34,8.4,8.45
90963423590,Matthew Forbes Jr.,28,Masculino,kellyschneider@example.org,697,True,5.0,5.9,5.73,7.4
19132312569,Miranda Rodriguez,20,Feminino,waltersimon@example.net,702,True,2.0,8.62,6.95,8.51
14464245102,Jessica Foster,23,Feminino,myoung@example.com,698,True,8.0,5.9,7.47,8.89
67048228649,Kristina Cunningham,26,Feminino,lbrown@example.com,727,False,,8.99,5.35,8.99
97574783052,Joshua Pena,24,Feminino,operry@example.org,737,False,,7.14,5.6,6.71
93850769982,Daniel Freeman,21,Masculino,sjackson@example.net,725,True,6.0,9.48,9.99,8.24
1478598671,Brady Jordan,19,Masculino,rhondamclean@example.net,795,False,,9.82,6.17,9.2
17646531524,Amber Houston,28,Feminino,donna11@example.com,754,False,,9.13,9.26,5.0
15148621325,Jennifer Underwood,25,Feminino,amycraig@example.net,709,True,4.0,9.43,7.2,8.3
95672093374,Erin Powell,19,Feminino,cody91@example.org,754,False,,7.43,6.24,6.24
49428104984,Diane Martin,22,Feminino,cunninghamjack@example.com,653,False,,8.22,8.97,6.37
61486063221,Eric Garrett,23,Masculino,wjohnson@example.org,691,True,7.0,7.19,6.23,6.74
59780698058,Roger Wilson,22,Masculino,james25@example.org,790,False,,5.83,8.7,7.66
29431057977,Andrew Chandler,20,Feminino,mary43@example.org,761,True,3.0,5.17,5.29,8.4
61374385629,Stephanie Chapman,27,Feminino,fburns@example.org,728,False,,6.58,8.27,9.96
50750185216,Thomas Casey,20,Feminino,ryancollins@example.net,779,False,,9.75,7.29,8.63
22771289336,Melissa Hall,22,Feminino,allen73@example.org,681,True,7.0,7.96,7.28,8.29
15625412285,Charles Gray,23,Feminino,fitzgeraldmelissa@example.org,741,False,,9.29,5.86,6.2
19470018706,Charles Small,18,Masculino,megan04@example.org,779,True,7.0,6.54,7.56,8.75
46410506123,Emily Rice,21,Feminino,wendyestes@example.com,788,False,,8.15,7.26,8.2
12922091525,Brooke Crane,19,Masculino,deborahwillis@example.net,721,False,,7.75,6.11,9.64
85613111129,Jonathan Jackson,24,Feminino,hillchristine@example.org,705,True,3.0,6.13,5.89,5.3
65682118406,Teresa Brooks,23,Feminino,clewis@example.net,758,True,8.0,6.11,5.42,5.3
46762980788,Carolyn Buchanan,20,Feminino,michaelthomas@example.net,784,False,,9.63,5.16,9.25
85447118236,Patricia Dawson,24,Feminino,gwolfe@example.net,651,False,,7.27,5.95,6.34
82642882697,David Giles,21,Masculino,wilkersongabriel@example.com,753,False,,7.92,5.56,8.53
31431776214,Nicholas Sampson,23,Masculino,benjamin06@example.net,667,False,,9.89,6.16,6.7
97871899831,Tina Cole,23,Feminino,kholland@example.org,688,False,,9.1,5.15,9.42
98018789416,Shannon Lopez,27,Masculino,leahhubbard@example.com,682,False,,6.55,8.73,9.68
48779208846,Leah Trevino,19,Masculino,danielsnyder@example.net,797,False,,7.3,6.26,8.83
78171517030,James Copeland,27,Feminino,jesse16@example.net,702,False,,5.79,8.54,8.38
2789781757,James Mcclain,28,Masculino,richardtiffany@example.net,652,False,,5.4,9.86,6.21
39090700402,Denise Cook,21,Feminino,stephanie65@example.net,687,False,,7.41,5.61,9.71
18469233528,Kelly Graham,26,Feminino,christina23@example.net,771,False,,8.57,8.37,6.1
65248511179,Daniel Mann,18,Masculino,heather44@example.org,654,False,,7.81,6.8,9.31
40122323019,Mrs. Emily Dickerson,19,Feminino,omosley@example.com,678,False,,7.31,8.9,5.71
23830801702,Dawn Lopez DDS,22,Feminino,ejacobs@example.org,799,False,,9.11,6.8,6.62
60118155221,Andrew Hill,20,Feminino,gregorytaylor@example.net,784,False,,9.6,7.53,6.86
53271219289,Robert Taylor,26,Feminino,adam81@example.org,668,False,,5.38,6.4,6.79
94313134437,Donna Pitts,18,Feminino,egilbert@example.org,739,True,4.0,7.28,6.17,6.27
24742669172,Kyle Wise,24,Masculino,charles02@example.org,794,True,4.0,7.48,7.8,9.21
41574231999,Catherine Morgan,28,Feminino,jefferydaniel@example.com,721,False,,6.87,8.48,9.62
20188116079,Paul Powell,24,Feminino,lewisdaniel@example.net,768,False,,5.82,7.51,5.5
17806176139,Margaret Richards,23,Masculino,parkerjennifer@example.net,720,False,,5.6,7.18,7.16
64198529787,Judith Moreno,23,Feminino,huffamber@example.net,698,False,,6.58,6.18,9.79
42159040509,Jodi Bell,19,Masculino,fgallagher@example.net,699,True,8.0,6.2,9.5,5.2
8359075142,Megan Arnold,21,Feminino,brett54@example.com,666,True,5.0,8.7,6.25,8.6
97233783006,James Farmer,27,Masculino,gomezsean@example.com,787,True,6.0,6.13,5.33,6.36
2319748185,David Lyons,18,Feminino,thompsonnathaniel@example.net,778,True,5.0,5.82,5.55,8.4
12450360106,Thomas Gutierrez,22,Masculino,elizabeth07@example.net,776,False,,9.96,9.4,7.63
9548629409,Bryan Stevens,19,Masculino,brandymccullough@example.com,783,False,,7.36,5.33,8.7
72319390473,Lori Sullivan,20,Masculino,gregory91@example.com,685,True,6.0,8.18,6.99,5.94
51410502688,Joseph Boyd,18,Feminino,douglashill@example.org,652,True,7.0,9.65,6.1,5.8
28202234222,Dr. Shawn Robinson DDS,21,Feminino,tyler13@example.net,752,False,,9.49,5.8,5.31
52501906093,Sara Pope,18,Feminino,cory74@example.net,764,False,,8.11,9.67,6.55
9835362437,Cheyenne Carter,23,Feminino,michellemcguire@example.org,677,True,8.0,9.5,6.92,6.2
54442000681,Timothy Johnson,21,Feminino,zwaters@example.net,707,False,,9.7,6.2,7.55
79641600303,David Best,22,Feminino,davidcoleman@example.net,781,False,,9.4,9.47,8.9
56401478422,Melvin Anderson,27,Masculino,john38@example.net,642,False,,5.45,5.59,8.77
83281484617,Mrs. Meghan Parker,28,Feminino,patriciafox@example.org,782,True,8.0,5.94,7.3,9.93
40185390288,Brandon Davies DDS,28,Feminino,conleylinda@example.org,787,False,,9.94,9.47,6.61
47690674464,Samantha Johnson,19,Feminino,william89@example.net,677,False,,8.53,5.31,5.88
73884849307,Heather Brown,23,Masculino,iharris@example.net,736,False,,8.56,8.15,6.64
27626611687,Mary Freeman,21,Masculino,davidrandall@example.net,671,False,,9.47,8.38,9.6
19355218084,Jose Scott,19,Masculino,peggystone@example.net,757,False,,7.27,7.11,7.91
57331980303,Danielle Rodriguez,21,Masculino,johnsonalyssa@example.net,767,False,,9.61,8.36,6.7
76207085455,Anthony Smith,28,Masculino,krodriguez@example.net,761,False,,7.81,8.56,8.7
83364814121,Catherine Callahan,25,Feminino,rhall@example.org,783,True,1.0,6.2,7.94,8.7
2887785087,Jerry Mercado,20,Masculino,alicia74@example.org,646,False,,6.66,8.94,5.58
701892590,Steve Wilson,23,Masculino,sanchezchristine@example.com,719,False,,8.11,6.32,6.65
51841864156,Angel Long,20,Feminino,deborahhartman@example.com,789,False,,5.14,8.52,7.0
81814292493,Tracy West,19,Masculino,qpope@example.net,646,False,,5.28,6.74,7.39
14436728141,Stacy Allen,27,Feminino,molly40@example.org,780,False,,7.36,5.53,5.56
26116907004,Brianna Baker,22,Feminino,ronaldrichard@example.net,789,False,,8.88,9.65,6.62
83950390548,Matthew James,28,Feminino,mariawilliams@example.org,800,False,,9.65,5.49,6.93
16794532997,Christopher Long,27,Feminino,millerdavid@example.com,667,False,,8.51,6.91,9.45
85651234875,Christopher Soto,25,Feminino,melissa07@example.org,666,True,7.0,6.65,6.69,8.75
47474100094,Kevin Coleman,26,Masculino,mcbridejoseph@example.net,776,True,8.0,9.28,6.7,6.77
21588793271,Jacqueline Combs,23,Feminino,ecarter@example.net,679,False,,9.82,9.33,7.81
96058487498,Donna Hester,27,Feminino,justincopeland@example.com,673,True,7.0,8.49,7.53,9.81
35724456913,Jacqueline Leonard,20,Masculino,michael37@example.net,729,False,,9.91,9.65,6.22
12370584113,Kelly Higgins,21,Feminino,lisapatel@example.com,685,False,,8.47,9.5,6.33
22983116687,Shaun Wilkerson,23,Feminino,jasminejames@example.net,656,False,,5.9,9.14,5.23
84477834633,Gregory Peterson,27,Feminino,jessefletcher@example.org,702,True,5.0,6.9,7.12,5.37
82296324949,Shirley Wolfe,22,Masculino,tranmarie@example.net,758,False,,8.2,8.5,9.88
75286585537,Erica Young,25,Feminino,ggibson@example.net,787,True,3.0,9.7,8.63,5.85
3784583874,Patrick Taylor,24,Feminino,fgrant@example.com,762,False,,9.79,8.44,6.16
7074675002,Brenda Cowan,28,Feminino,pjones@example.net,775,True,2.0,5.2,9.91,6.87
78109149360,Janet Lee,24,Feminino,jill87@example.com,695,False,,8.54,8.63,6.86
1080700254,Kaitlyn Olson,19,Masculino,browndaniel@example.net,750,False,,5.72,7.66,7.11
48112091906,Juan Parks,21,Masculino,rwarren@example.com,675,True,5.0,9.66,5.38,5.63
75833148712,Megan Harris,18,Masculino,angela98@example.net,696,False,,8.66,8.74,9.71
95976349668,John Pratt,23,Feminino,umejia@example.com,713,True,7.0,9.15,8.62,8.8
55998585466,Jessica Ross,22,Feminino,jose70@example.net,780,False,,8.42,5.41,7.79
18082673607,Lawrence Roberts,19,Masculino,nreeves@example.com,749,True,7.0,8.42,5.3,5.63
39939735236,Joseph Sanchez,21,Masculino,cruzcatherine@example.org,787,False,,8.54,6.83,7.6
21392889794,David Long,25,Masculino,chandlerjohn@example.net,655,True,2.0,8.67,8.44,8.28
75119842452,Tony Williamson,27,Feminino,beverly10@example.net,778,False,,7.42,9.47,5.92
92982611771,Gregory Murphy,27,Masculino,ejacobson@example.org,793,False,,9.7,9.99,6.27
12747624915,David Bond,21,Feminino,gillespiebrandon@example.org,763,False,,8.65,7.97,5.7
1798458467,Michael Daniel,25,Masculino,kimberlywalker@example.com,747,False,,6.63,8.69,9.95
40709197497,Bobby Williams,20,Feminino,robinsonjoshua@example.com,686,False,,6.6,5.59,7.72
55528591522,Kelly Lopez,20,Masculino,thompsonmichael@example.net,762,True,1.0,7.32,7.32,8.0
3309616451,Kevin Rush,28,Masculino,katelynprice@example.com,755,True,2.0,6.53,7.72,9.25
28843345713,Timothy Mccarthy,24,Feminino,wendyjackson@example.net,719,True,2.0,7.8,6.57,8.93
29478171416,Steve Butler,20,Masculino,dmason@example.net,784,False,,7.31,8.52,9.16
27922180024,Steve Davis,26,Feminino,ytran@example.org,640,False,,9.26,6.53,6.19
40422355467,Scott White,19,Masculino,carolraymond@example.org,715,False,,9.4,5.75,6.36
36998387581,John Russell,22,Feminino,ypalmer@example.com,674,False,,7.25,8.76,5.84
95287957534,Melissa Ramirez,24,Feminino,wadeteresa@example.com,734,False,,8.17,7.64,5.8
77880708714,Brenda Raymond,18,Feminino,pgomez@example.com,749,False,,6.9,6.39,8.19
56741896502,Darren Santana,18,Feminino,sheilapatel@example.com,794,False,,5.55,8.38,7.92
18365989496,Mr. John Knox PhD,19,Masculino,hking@example.com,668,False,,8.9,6.51,9.99
3248908461,Michael Thompson,24,Feminino,chavezmargaret@example.com,666,True,8.0,7.23,9.8,8.51
43844528433,Kenneth Cantrell,25,Feminino,katherine25@example.com,739,True,3.0,9.22,6.49,5.6
36716359181,Zachary Rodriguez,27,Feminino,lisapineda@example.net,640,True,5.0,7.82,6.0,6.41
25941664685,Shelly Collins,22,Feminino,sarahreid@example.com,652,True,6.0,9.22,7.35,5.42
77211397261,Shelly Anderson,27,Feminino,youngjose@example.org,696,False,,6.75,8.97,8.84
10763974580,Sherry Campbell,21,Feminino,scottvanessa@example.com,651,False,,5.48,9.14,5.69
34700003301,Haley Webster,21,Feminino,colleenrodriguez@example.org,708,True,1.0,6.5,9.56,5.28
5486332093,Brent Joyce,26,Feminino,singletonbobby@example.com,694,False,,5.28,6.41,6.15
92196391124,Jessica Diaz,19,Feminino,brian99@example.net,655,False,,7.25,7.15,7.25
87608730043,Kevin Jones,19,Feminino,sbuckley@example.com,762,True,7.0,5.28,8.82,5.9
15009592038,Cynthia Wong,26,Feminino,mckinneyjonathon@example.net,749,False,,6.69,9.45,6.1
28257755144,Bradley Watson,23,Feminino,heather18@example.org,796,False,,7.59,5.27,8.95
96594525373,Stacey Johnson,21,Feminino,saracook@example.com,685,True,2.0,8.45,6.85,9.8
68387947153,Brandi Reid,26,Feminino,james74@example.com,800,False,,8.74,7.4,7.4
3959331429,Peter Martin,23,Feminino,bwilliams@example.com,668,False,,6.5,7.67,7.42
72834476136,Dylan Sullivan,22,Feminino,emily09@example.net,780,True,8.0,7.16,8.5,9.99
11609414449,Norma Jackson,25,Feminino,darin73@example.com,672,True,7.0,5.61,8.72,5.42
24794045405,Alicia Phillips,21,Feminino,andreasmith@example.net,643,False,,5.25,8.11,8.74
59742569208,Ryan Jordan,28,Feminino,hweeks@example.net,760,False,,7.73,7.5,8.44
17072964303,Caroline Rios,20,Masculino,dunnzachary@example.com,789,False,,7.34,6.94,5.12
50072123828,Kathleen Wilson,25,Feminino,emilycarpenter@example.net,734,False,,9.74,7.72,7.29
79372051468,Christina King,19,Feminino,richardhouston@example.com,789,False,,8.46,8.75,9.2
83392531480,Scott Jennings,18,Feminino,nicole32@example.com,675,True,7.0,8.8,8.21,5.74
51063117177,Bradley Wade,26,Masculino,jvillanueva@example.com,749,False,,5.56,7.12,5.81
60532362930,Edward Taylor,22,Masculino,williamsmary@example.net,726,False,,9.1,8.69,8.78
43296709335,Kevin Burton,23,Feminino,rsmall@example.com,782,True,3.0,9.31,7.1,6.84
39740094622,Derek Miller,21,Feminino,stephanie87@example.net,710,False,,8.0,9.7,5.1
50077509942,Christopher Diaz,23,Feminino,natasha65@example.com,686,False,,5.8,7.13,7.64
92656486908,Rebecca Nguyen,22,Feminino,donald52@example.com,667,False,,7.93,5.89,8.79
48352152381,Nicholas Scott,19,Feminino,ndelgado@example.org,745,True,7.0,9.61,9.21,5.61
83771959275,Richard King,23,Masculino,phamilton@example.org,734,False,,9.37,6.76,7.17
88656966684,Brandon Freeman,22,Feminino,sheppardkaren@example.com,697,False,,7.95,8.51,7.7
13899120453,Kaitlyn Campos,21,Feminino,teresapalmer@example.com,779,False,,7.3,9.6,6.59
82943839169,Tiffany Kemp,19,Masculino,connie64@example.com,719,False,,7.4,7.9,6.58
76375945036,Ryan Clay,20,Feminino,claudiawright@example.net,641,False,,6.31,9.25,7.88
75716594792,Amber Martinez,28,Feminino,wesley44@example.com,770,False,,8.43,6.94,6.83
58533752210,Jennifer Khan,19,Masculino,youngeric@example.com,716,False,,6.28,9.45,8.69
9084910580,Peter Richardson,27,Feminino,amoore@example.com,778,False,,5.58,8.42,9.59
34336460914,Eric Hill,23,Masculino,allenjulia@example.com,790,False,,6.11,5.48,9.35
29826923363,James Quinn,23,Feminino,tylerbennett@example.net,716,True,5.0,7.54,5.9,8.35
18151744947,Rhonda Castro,25,Feminino,monroetroy@example.net,719,False,,7.3,6.13,6.6
99760345418,Travis Olson,28,Masculino,bradleycharles@example.net,787,False,,7.42,8.7,8.3
77504068593,Dean Evans,21,Masculino,oanderson@example.com,728,False,,6.91,5.61,9.56
54407508961,Suzanne Simpson,22,Masculino,desiree70@example.org,799,False,,8.69,5.95,7.28
5788853352,Sharon Mann,20,Masculino,craigemily@example.net,750,False,,7.7,9.64,7.3
25827763155,Tracey Wu,20,Feminino,fwood@example.com,708,False,,8.5,7.2,7.22
426860897,Valerie Webb,27,Feminino,troybrown@example.org,657,False,,7.77,9.62,8.62
58900177833,Austin Rodriguez,20,Masculino,robert89@example.net,701,True,7.0,8.26,5.19,5.4
72132476749,Adam Collins,21,Masculino,joshua42@example.org,677,False,,9.98,5.5,5.8
66274969181,Jason Ball,22,Feminino,erica72@example.com,659,False,,7.78,8.2,8.79
66094696824,Patricia Hughes,22,Feminino,johnsonmichael@example.org,671,False,,8.96,6.36,7.46
87258470275,George Barnes,18,Feminino,chaseowens@example.com,663,False,,7.68,6.6,6.9
75084194128,Terry Harmon,23,Feminino,eramirez@example.net,702,False,,7.7,6.92,9.17
23807022973,Rebecca Gonzalez,28,Feminino,kristy96@example.com,773,True,4.0,5.2,9.33,9.6
97134030395,Michelle Kelley,26,Feminino,megan96@example.net,695,False,,5.76,6.76,8.14
45716833872,Mark Conley,28,Feminino,justinwaller@example.com,722,False,,7.71,7.34,8.1
74501086210,Nicole Knight,22,Feminino,lynn50@example.net,786,True,4.0,7.71,9.75,9.8
56028905224,Martin Cook MD,18,Feminino,rachelunderwood@example.net,729,False,,8.53,6.12,9.41
28084023156,Levi Garcia,19,Masculino,qsanchez@example.net,751,True,2.0,9.57,9.79,5.3
10022036132,Jeremy Wagner,22,Feminino,jallen@example.com,747,False,,9.4,5.68,7.9
91461492491,Rebecca Duncan,26,Feminino,brownchristopher@example.com,693,False,,8.99,7.25,8.55
5380077812,Craig Jackson,22,Feminino,cwalker@example.org,766,False,,9.93,8.75,5.9
43985709993,Christina Davidson,25,Feminino,michael65@example.org,682,True,3.0,7.99,6.46,5.32
87790505157,Jason Miles,18,Feminino,carlparker@example.net,760,False,,7.3,7.1,9.91
25372358605,Theresa Adkins,18,Feminino,yharmon@example.org,644,True,2.0,6.77,9.32,7.74
70424079286,Sara Banks,22,Feminino,kimberlygardner@example.net,748,True,7.0,5.58,5.2,6.88
63402948205,Julie Brooks,18,Masculino,scottbennett@example.com,681,False,,9.44,7.22,7.72
46654291998,Caroline Ryan,24,Masculino,kellylinda@example.net,701,False,,6.53,6.85,7.76
38014259854,Tricia Campbell,26,Feminino,rodrigueztiffany@example.org,729,False,,8.91,8.46,8.2
72775167906,Robert Williams,25,Feminino,kellyrobinson@example.org,797,False,,9.25,9.14,7.25
36778969126,Matthew Powers,18,Masculino,hogantamara@example.com,777,True,6.0,9.62,9.73,5.58
66242140421,William Anderson,22,Masculino,davidsonjay@example.net,781,True,5.0,9.4,9.96,5.84
51580138426,Sarah Petty,25,Feminino,qroberts@example.com,722,False,,9.17,6.36,8.24
35582591705,Kyle Kim,19,Feminino,lozanogregory@example.net,732,True,7.0,5.22,5.5,9.2
56144163286,Kevin Escobar,23,Masculino,maryortiz@example.net,640,False,,6.84,7.92,6.86
48289611658,Daniel Morgan,25,Masculino,frich@example.com,657,False,,7.94,5.1,7.77
84820166445,Sherry Rasmussen,21,Masculino,patriciasloan@example.org,753,False,,6.81,8.62,7.1
89393674196,Heather Fox,19,Masculino,fkelly@example.org,644,False,,7.44,6.31,6.48
32239427381,Gene Clark Jr.,23,Masculino,vadams@example.com,679,False,,6.14,5.12,7.61
83037180552,Christopher Levy,22,Feminino,john50@example.com,794,False,,7.24,8.91,6.82
30302473924,Craig Hicks,27,Feminino,gordonwilliam@example.com,689,False,,5.18,8.4,8.81
45969929816,Erin Estrada,28,Feminino,derek00@example.org,727,True,4.0,6.48,6.72,5.8
12977300478,Sabrina Contreras,18,Feminino,melindacole@example.org,677,True,4.0,6.24,9.42,5.13
13063452657,Jerry Gray,24,Masculino,michaelfigueroa@example.net,699,False,,9.2,7.84,9.49
2382230139,Dennis Ball,26,Feminino,fordconnie@example.org,745,False,,5.56,9.22,5.82
60319874295,Adrian Phillips,21,Feminino,brian21@example.org,641,False,,7.4,6.2,9.62
75892721416,Andrea Moon,28,Feminino,twood@example.org,742,False,,7.74,8.91,9.8
34007767506,Toni Hernandez,23,Masculino,christophercollins@example.com,794,False,,5.64,8.79,6.9
86650717446,Richard Kramer,21,Masculino,james76@example.org,784,False,,8.8,6.57,7.5
73628804272,Evan Jackson,19,Feminino,hcardenas@example.org,721,False,,8.2,9.32,5.83
4026907973,Samantha Valdez,19,Feminino,cramos@example.net,701,False,,5.67,8.55,9.6
75941511267,Ashley Bradley,23,Feminino,yrowland@example.net,659,False,,5.19,6.39,6.36
68703432842,Lisa Peters,18,Feminino,jessica17@example.net,762,True,8.0,7.63,8.67,9.49
93139907561,Chad Steele,23,Feminino,simschristopher@example.net,763,True,5.0,8.87,5.89,8.4
34134873873,Eric Richardson,20,Feminino,michelle83@example.com,681,True,4.0,9.82,8.43,8.28
64886812952,Katherine Miller,23,Feminino,fmoore@example.net,642,True,2.0,8.56,5.97,5.24
30876074004,Danielle Wolfe,19,Masculino,bbarnes@example.com,708,True,3.0,6.5,8.61,5.3
6390954892,Michael Bass,21,Feminino,fmoss@example.net,700,False,,9.12,8.13,5.22
96658261549,Robin Bowers,24,Feminino,cruiz@example.net,747,False,,7.71,8.96,5.38
20610880872,Richard Hughes,26,Masculino,gfuller@example.net,682,True,8.0,6.62,5.3,8.57
55855943497,Alfred Sims,23,Feminino,cheryl12@example.net,759,True,8.0,6.75,7.4,8.54
30087641720,Luke Michael,27,Feminino,alexandra23@example.com,727,False,,7.82,7.77,9.33
79256670775,Rachel Petty,27,Masculino,vfloyd@example.org,665,False,,6.6,8.98,5.6
39640064759,Daniel Morris,23,Masculino,josephwagner@example.net,712,False,,6.11,8.7,8.7
7011401616,Dawn Buckley MD,18,Masculino,jefferyglover@example.net,666,False,,8.16,5.25,8.25
46354409804,Luis Morgan,25,Feminino,emilybraun@example.org,795,True,7.0,9.48,8.76,9.96
21175884478,Gary Anderson,23,Masculino,mortonadam@example.net,725,True,7.0,7.23,6.69,9.95
7364857235,Judith Fisher,24,Masculino,chernandez@example.org,751,True,1.0,8.97,8.7,5.97
91050210919,Jessica Roberts,20,Feminino,ryan88@example.net,763,True,7.0,6.59,8.54,6.57
85100440020,Jordan Bowen,24,Masculino,scotthughes@example.net,721,True,1.0,9.84,7.81,5.21
5084908290,Kathleen Boyle,23,Masculino,richardedward@example.com,664,True,7.0,7.62,8.78,5.92
85680833920,Jonathan Smith,19,Masculino,msanford@example.net,667,False,,5.8,5.81,8.26
14441699886,Gary Hawkins,23,Masculino,fsutton@example.com,642,True,2.0,8.58,7.28,8.45
10391089698,Andrew Fleming,27,Masculino,maria86@example.org,726,False,,9.46,7.18,5.1
69808592978,Brandon Hoffman,24,Feminino,rcooper@example.com,760,False,,6.51,6.67,5.84
49781157590,Melissa Frazier,22,Feminino,donnagraham@example.org,702,False,,8.68,9.85,8.27
60223139040,Anthony Hernandez,18,Masculino,amanda70@example.net,643,True,7.0,8.32,8.74,5.41
45855039528,John Keller,20,Masculino,john75@example.com,687,False,,9.93,8.95,5.47
16834110514,Jeremy Salazar,22,Feminino,amanda81@example.net,787,False,,8.99,9.2,9.48
57100425728,Gregory Murray,24,Feminino,bushmichael@example.com,658,False,,7.49,7.1,9.33
71149124391,Alexa Wheeler,21,Feminino,rosethomas@example.com,652,False,,7.54,6.67,5.82
60129694028,Amber Nelson,26,Masculino,amandaklein@example.net,705,False,,9.5,6.72,9.36
63036489292,Joseph Griffin,23,Feminino,torresdebbie@example.net,774,False,,5.39,6.52,5.75
69216563150,Jessica Harris,24,Feminino,warrenjoshua@example.com,751,True,6.0,6.77,9.24,5.3
84657609154,Stephanie Hartman,20,Feminino,benjaminedward@example.com,647,True,2.0,5.73,6.52,6.76
96788280107,Melissa Kelly,26,Feminino,odonnellamber@example.org,736,False,,6.47,5.33,8.49
71726626261,Carlos Baker,23,Feminino,butlerjoseph@example.com,646,False,,6.5,8.55,5.4
63716138446,Travis Landry,27,Masculino,catherine04@example.com,773,False,,5.16,8.63,7.61
17951479611,Mark Quinn,18,Feminino,parksbenjamin@example.org,729,False,,8.21,8.79,6.9
74169834404,Joel Cohen,26,Feminino,cookmary@example.net,775,True,2.0,5.36,5.98,8.23
94055475227,Julie Shaffer,20,Feminino,jessica39@example.com,772,False,,8.22,9.79,6.42
39100474484,Pamela Smith,22,Feminino,gwendolyn39@example.net,757,True,1.0,9.77,7.46,5.11
6839691034,Matthew Phillips,22,Masculino,sylvia66@example.com,646,True,5.0,9.62,8.84,8.49
24716755186,Michael Smith,28,Feminino,gilbertwesley@example.net,730,False,,9.57,8.3,6.51
32527803614,Sabrina Cross,25,Feminino,mirandagardner@example.com,647,False,,7.9,5.22,5.85
31371392877,Erica Taylor,18,Feminino,valdezheather@example.com,690,False,,7.51,8.6,8.52
85138216318,Francisco Rodriguez,28,Masculino,christopher55@example.net,718,True,4.0,5.39,7.78,7.14
653466343,Darlene Sims,28,Masculino,dianesmith@example.com,660,False,,5.73,7.43,6.87
54152236253,Elizabeth Jenkins,28,Masculino,cathyramos@example.org,672,False,,5.38,8.5,7.86
53359767397,Roberta Mitchell,25,Feminino,martinezlaura@example.org,779,False,,5.24,9.82,7.48
33796918714,Adrian Thompson,25,Feminino,reginabrown@example.com,713,True,3.0,5.72,5.81,6.96
71096647268,Joshua Ewing,27,Feminino,gregorybrian@example.net,771,False,,8.84,8.13,7.66
88775319037,Taylor Morris,19,Feminino,pgomez@example.org,695,False,,9.81,7.43,5.86
40283316420,Lisa Weeks,24,Feminino,reedmelanie@example.com,786,False,,7.82,5.52,9.8
87746262592,Derek Peters,23,Feminino,spatel@example.org,730,False,,8.76,8.57,7.61
85196043772,Joshua Sloan,21,Feminino,trichardson@example.net,693,False,,5.38,5.65,8.25
44953077374,Brandon Owens,24,Masculino,rdecker@example.net,751,False,,6.5,5.47,6.77
10068557915,Ashley Hernandez,20,Masculino,walshbradley@example.net,761,False,,6.74,9.57,5.87
65699039860,Jesse Perez,28,Feminino,igraham@example.com,791,False,,8.9,7.91,5.45
34430236436,John Bennett,25,Feminino,mayashley@example.com,665,False,,6.69,7.69,7.34
48226166192,John Taylor,24,Masculino,riveracraig@example.com,684,False,,9.36,6.71,9.96
4951714024,Marvin Burns,22,Feminino,cheryl82@example.net,781,True,1.0,6.24,9.98,9.76
88391885648,Louis Perkins,26,Feminino,wintersjacob@example.org,738,True,2.0,6.58,5.83,9.62
2392819543,Michael Boyd,26,Feminino,alexandermartinez@example.org,789,False,,8.73,7.92,8.38
65974788549,Rickey Davidson,22,Masculino,christian59@example.net,729,True,8.0,8.54,5.74,6.27
62060978011,Matthew Hunter,23,Feminino,rachelguerra@example.org,773,True,7.0,6.8,7.2,6.13
76307975714,Zoe Kennedy,20,Feminino,richard91@example.org,666,True,3.0,8.93,6.74,5.75
99658259172,Thomas Hicks,20,Feminino,steveneverett@example.net,734,True,2.0,8.14,8.46,8.15
37950270326,Kenneth Walker,22,Feminino,amandaschmidt@example.net,671,False,,5.39,6.57,6.58
16363600246,Amanda Cruz,23,Feminino,christinefritz@example.org,786,False,,7.69,5.7,8.43
47231097383,Shawn Black,27,Masculino,archerjeremy@example.net,688,True,2.0,9.9,6.14,8.74
54402532343,Jessica Fields,24,Feminino,josephhayden@example.net,787,True,3.0,8.65,6.4,9.23
49537993958,Elizabeth Brown,22,Feminino,dalvarado@example.net,718,False,,7.92,8.22,6.95
52473146426,Scott Mata,24,Feminino,elizabeth13@example.net,695,False,,6.85,8.44,7.44
43895965679,Nicole Watson,26,Feminino,carl27@example.net,645,False,,9.43,8.88,5.95
18281071131,Lauren Underwood,22,Masculino,samuel95@example.net,714,False,,6.46,6.41,6.36
45132126798,Crystal Smith,27,Feminino,brandi53@example.net,695,False,,9.1,9.78,5.69
98448881574,Aaron Park,22,Feminino,williekrause@example.com,753,False,,8.7,9.93,7.62
65732255851,Stacy Griffin,20,Masculino,loganwilliam@example.com,794,False,,8.21,8.42,5.78
43553124405,Mark Jones,18,Feminino,igolden@example.com,660,False,,8.95,9.22,8.62
83345224966,Karen Lewis,19,Masculino,carterrichard@example.org,674,False,,7.42,6.21,8.69
55397856183,Anthony Roy,21,Feminino,stanleychristopher@example.com,745,False,,5.68,9.22,6.52
68175141426,Todd Morgan,19,Masculino,williamjones@example.com,642,False,,6.89,7.11,7.85
47899163399,Melanie Jones,23,Masculino,ianadams@example.net,643,False,,8.55,7.76,8.61
33473885180,Christopher Espinoza,25,Feminino,zvargas@example.org,689,False,,6.61,9.35,7.24
44026751401,Juan Donaldson,24,Masculino,aaronrangel@example.org,776,False,,9.74,9.82,5.9
49120506962,Ashley Greene,19,Feminino,kari91@example.net,679,True,6.0,8.87,9.73,9.95
29539220268,Kathryn Rodriguez,20,Masculino,clarkemily@example.org,793,True,5.0,8.15,9.96,6.67
88096700526,Evelyn Walters,20,Masculino,ronnie59@example.com,736,False,,7.96,9.29,9.7
89780709505,Joel May,27,Feminino,hdodson@example.com,662,False,,8.67,9.76,5.52
76091617452,George Rogers,22,Feminino,debra11@example.com,680,False,,9.64,5.91,7.4
4425435360,Stephanie Nelson,18,Masculino,tballard@example.org,673,True,5.0,9.3,6.42,6.52
6579328551,William Powers,18,Feminino,edwardslauren@example.com,679,True,4.0,5.85,8.96,9.23
36389224724,Justin Khan,21,Feminino,lisaanderson@example.org,703,False,,5.38,8.12,6.15
33337261412,Megan Simmons,26,Feminino,bryan05@example.org,737,False,,5.95,9.63,5.85
34505671447,George Aguilar,28,Masculino,guzmanjack@example.org,792,False,,5.36,8.61,6.6
63719214690,Justin Sanders,28,Masculino,jenniferbarker@example.com,646,False,,8.85,8.13,6.49
68252637920,James Kerr,19,Masculino,shane52@example.com,734,False,,5.54,9.24,6.87
54798552303,Rebecca Hawkins,27,Feminino,crobinson@example.net,718,True,3.0,8.49,6.13,9.1
24719926807,Mrs. Jennifer Anderson,19,Masculino,allenjoshua@example.net,661,True,5.0,7.63,8.56,9.6
71974267012,Louis Howell,20,Masculino,ymurphy@example.org,763,False,,7.68,6.57,8.94
81888780738,Patricia Ellison,23,Feminino,james03@example.net,705,False,,9.29,7.25,6.45
83411584426,Robert Mcgee,26,Feminino,kayla80@example.com,665,True,4.0,9.3,8.7,7.73
67109006462,Justin Love,24,Masculino,judy89@example.net,751,True,4.0,9.67,7.7,5.53
45323938580,Lindsay Lopez,25,Feminino,michaelmcmillan@example.net,772,False,,8.14,9.64,5.56
95251285583,Hannah Wright,18,Masculino,joy09@example.org,726,False,,8.88,7.89,5.31
28489909857,Katherine Fleming,19,Feminino,welchsherry@example.org,789,False,,7.74,6.45,6.33
38245168548,Leslie Adams,27,Feminino,matthewhudson@example.net,795,False,,8.66,8.95,6.88
42638315517,Catherine Holt,21,Feminino,clarkjohn@example.com,762,False,,8.81,5.79,7.84
31123244708,David Stephens,19,Feminino,woodchristine@example.org,777,False,,6.9,5.32,9.73
63123035203,Pam Lowe,28,Masculino,danny23@example.org,650,True,3.0,7.19,8.4,5.77
71923531328,Bethany Johnson,20,Feminino,carmen30@example.net,766,True,1.0,7.86,9.29,6.53
68582134482,Susan Smith,28,Masculino,bennettjames@example.com,645,False,,5.54,9.84,6.66
19638156666,Jacob Miller,27,Feminino,melanie74@example.com,725,False,,9.0,5.62,7.11
92030310231,Tanya Williams,25,Feminino,seanwilliams@example.net,652,False,,8.98,9.95,5.12
68357314175,Stephanie Williams,20,Feminino,jessicagross@example.net,681,False,,5.93,7.4,7.76
70602330415,Ashley Barker,22,Masculino,caroline30@example.org,641,True,1.0,6.1,5.92,5.65
11889158499,Thomas Moore,28,Masculino,gordon93@example.net,734,False,,5.37,8.35,8.49
10100773875,Brandon Chapman,24,Feminino,jillwalker@example.com,667,False,,6.54,9.2,5.64
28960210269,Mark Hines,21,Feminino,uthompson@example.org,729,False,,6.9,5.97,5.15
63258316273,Robin Nguyen,18,Masculino,schmittsherry@example.com,713,True,7.0,6.7,8.0,9.48
35945516062,Alexandria Erickson,27,Feminino,karen88@example.com,653,False,,8.85,8.67,8.57
83963596103,Brian Coleman,18,Feminino,lawrenceclements@example.org,703,False,,5.53,8.62,9.76
76821559049,Rebecca Johnson,19,Feminino,wdunn@example.org,758,False,,6.64,8.54,6.23
30642836198,Ronnie Hale,24,Feminino,vhiggins@example.org,774,False,,7.29,6.22,8.16
58976162430,Whitney Fisher,20,Feminino,iwilliams@example.com,661,False,,7.5,9.24,7.2
21578826178,Laura Stephens,20,Feminino,garciaamy@example.net,641,False,,5.89,8.78,5.28
95431573571,Hannah Edwards,27,Feminino,nbowen@example.net,675,True,3.0,7.19,9.57,5.0
55601519161,Nicholas Nelson,21,Feminino,lopezcasey@example.com,763,False,,7.16,7.78,8.47
47980699938,Annette Jarvis DDS,19,Masculino,rebeccadaniel@example.net,707,False,,8.49,6.46,7.19
62188944480,Danielle Lynch,18,Masculino,katelyn63@example.net,683,False,,5.71,6.14,9.76
9508258283,Lance Bray,26,Masculino,evansmariah@example.net,783,False,,7.44,7.39,8.85
28333452265,Caroline Lynch,22,Feminino,berryvincent@example.org,795,False,,5.6,8.89,5.23
24270185554,Jeffrey Soto,27,Masculino,david16@example.org,679,False,,7.0,8.78,8.99
74970618541,Teresa Bridges,22,Feminino,lschmitt@example.net,755,False,,5.2,9.7,8.56
76666986477,Dawn Scott,26,Feminino,bradleyvalerie@example.net,739,False,,9.7,6.3,7.94
34924234554,Cody Malone,24,Feminino,jennifer37@example.com,696,False,,5.38,9.99,6.25
58949329375,Amanda Hughes,28,Feminino,kmcfarland@example.net,764,False,,9.46,6.33,6.52
51508278444,Nicole Avila,28,Feminino,colleenobrien@example.org,757,False,,6.4,8.4,8.14
4856894065,Robin Cohen,26,Masculino,nathan13@example.com,743,False,,6.39,9.74,9.97
94636431329,Mitchell Anderson,27,Masculino,michaelcarter@example.net,729,False,,6.6,7.85,6.27
14044251489,Kayla Graham MD,22,Feminino,sarapitts@example.com,708,True,5.0,9.71,7.67,6.24
66725104752,Heather Chandler,21,Masculino,michellestevens@example.net,779,False,,7.26,8.9,7.52
14387933335,William Lozano,20,Feminino,gyates@example.org,700,False,,9.33,6.71,9.56
55162702804,Samuel Adkins,20,Masculino,lawrencegrant@example.net,679,False,,5.2,5.89,7.71
55482303955,Debbie Briggs,26,Masculino,josephwillis@example.org,667,False,,9.2,5.16,6.21
10849158364,Patrick Gray,27,Masculino,jeffrey29@example.org,755,True,8.0,5.5,6.29,5.74
12101359601,Carlos Rodriguez,23,Masculino,flowerstonya@example.net,745,False,,5.41,6.39,5.41
67444243535,Pamela Rivera,23,Feminino,william60@example.com,644,False,,9.84,8.57,9.84
95156871211,Angela Gross,21,Feminino,kimberlyalvarez@example.com,719,False,,9.39,7.84,5.9
60692842040,Jennifer Collins,28,Masculino,thomas77@example.com,761,False,,6.64,9.24,6.6
70656884527,Nicole Daniel,27,Masculino,curtis50@example.net,643,True,7.0,9.3,6.46,5.89
66620221205,Lisa Lowery,23,Feminino,xsantiago@example.com,735,False,,7.51,6.21,9.33
89006015671,Elizabeth Henderson,22,Masculino,rhicks@example.com,718,False,,5.85,7.56,8.13
70221336022,Stephanie Hawkins,27,Masculino,sali@example.org,787,True,8.0,5.46,8.72,9.65
42622245906,John Booker,28,Feminino,hcollins@example.com,751,True,5.0,6.46,9.93,6.3
89963363153,Thomas Mcdonald,25,Feminino,john98@example.org,656,False,,9.53,6.81,7.41
57293963680,Kimberly Carter,21,Masculino,angelawall@example.net,716,False,,5.92,7.21,9.62
48552952980,Veronica Peterson,21,Feminino,travisamy@example.com,765,True,5.0,7.23,9.9,7.3
42494148413,Rebecca Soto,18,Feminino,hallelaine@example.net,790,False,,6.17,9.98,9.5
81454694695,Lindsay Maldonado,22,Masculino,joel77@example.org,675,False,,6.87,7.46,9.27
60090870270,Warren Robinson,18,Masculino,michellenielsen@example.com,731,False,,5.95,5.15,5.49
68016325963,Gregory Howard,28,Feminino,dbrooks@example.net,790,True,5.0,8.24,7.8,9.1
96559640016,William Carter,26,Masculino,martinandrew@example.com,797,False,,7.33,9.26,9.42
51215685426,Kevin Flynn,26,Feminino,marycurry@example.com,652,False,,9.44,5.85,7.15
10130823039,Juan Hansen,20,Feminino,melissa09@example.com,746,False,,9.71,6.52,7.4
96595503428,James Morrison,25,Feminino,vbishop@example.org,656,False,,9.96,7.33,7.2
17439497674,Melissa Herring,23,Feminino,jasongreene@example.org,672,True,6.0,6.81,6.23,6.95
21300403080,Tammy Scott,22,Masculino,elizabethflores@example.net,660,False,,9.77,9.79,8.92
6004350694,William Wells,28,Masculino,meghan13@example.net,799,False,,9.54,9.18,5.84
61880743429,Grant Walsh,19,Masculino,michaelgarner@example.com,692,True,6.0,9.19,9.54,7.5
14972802333,Terry Cox,22,Masculino,jwiley@example.com,751,False,,7.98,9.23,8.99
79890465957,Brandon Thompson,27,Feminino,ashley13@example.net,674,False,,8.39,7.2,6.43
50782966222,Robert Pearson,22,Feminino,harrismarilyn@example.com,706,False,,6.35,8.23,8.47
4348438287,Mark Scott,27,Masculino,leedaniel@example.net,719,False,,9.67,7.17,5.75
61150824230,Linda Pollard,27,Feminino,joelconner@example.net,796,False,,7.83,6.5,5.53
4922942146,Tony Escobar,25,Masculino,rebecca41@example.net,717,False,,8.28,9.82,7.95
70326555544,Jeremy Terry,24,Feminino,keithcruz@example.net,755,True,4.0,9.48,5.26,6.1
99861974991,Dustin Rogers,21,Masculino,harrisgerald@example.org,706,False,,8.96,7.59,8.26
97069496681,Alyssa Long,28,Feminino,mcleanrichard@example.org,798,False,,8.27,7.52,9.36
22887453080,Becky Craig,24,Masculino,monica65@example.com,739,False,,9.66,5.21,5.97
714989641,Sarah Chen,19,Feminino,nicole64@example.org,681,False,,7.84,6.68,8.75
80261687559,Jason Gomez,27,Feminino,steven02@example.com,791,False,,9.28,9.9,6.61
46934518130,Steven Pierce,18,Masculino,pmckinney@example.org,729,True,8.0,8.28,8.2,5.4
91438537263,Jeffrey Hudson,28,Feminino,qbailey@example.net,723,True,4.0,9.62,7.68,6.73
29748854833,Shelly Shelton,25,Masculino,etorres@example.com,759,False,,5.34,9.78,6.6
12963396816,Samantha Chavez,24,Feminino,zedwards@example.com,753,False,,7.14,6.21,8.9
15189736255,Whitney Olson,19,Masculino,perezadrienne@example.com,767,False,,9.29,8.69,6.76
44777168099,Adam Owens,28,Feminino,yhogan@example.org,726,True,6.0,5.75,5.83,6.58
87624189146,William Martin,18,Masculino,barbarahall@example.org,647,False,,9.1,8.53,7.97
18913603785,Makayla Nelson,19,Feminino,lancearnold@example.org,671,False,,6.2,5.57,9.5
78240435370,Tanya Carpenter,22,Feminino,cartercrystal@example.net,733,False,,6.5,6.24,9.97
810229606,Omar Dixon,27,Feminino,scottreed@example.net,794,False,,5.92,9.53,7.92
40462874383,Matthew Johnson,28,Masculino,katherine14@example.net,711,False,,5.7,8.33,7.48
47367390458,Mark Stevens,24,Masculino,vclark@example.org,661,False,,5.53,9.87,6.62
37703521180,Donald Russell,25,Masculino,joelmills@example.net,719,True,1.0,5.55,6.35,5.18
87956753493,Alexa Davis,28,Feminino,justinmoore@example.net,784,False,,5.1,8.8,7.9
86270356340,Michael Taylor,21,Feminino,onealdustin@example.net,651,False,,9.85,8.39,9.3
42782640161,Jamie Cooper,27,Masculino,brittany28@example.com,698,True,7.0,6.71,5.77,9.51
55022680277,Peter Mcdonald,21,Feminino,holly67@example.org,717,False,,8.77,7.37,7.12
98532796000,Michael Velez,23,Masculino,williamsanna@example.net,745,True,6.0,8.66,8.7,5.13
26433038307,Sarah Fitzpatrick,24,Feminino,stephanie08@example.org,669,False,,9.23,7.27,6.44
8863379173,Dr. Anthony Parker Jr.,25,Feminino,oward@example.org,792,False,,7.54,7.65,7.32
67497438650,Morgan Palmer,21,Masculino,nelsonmichelle@example.net,667,False,,5.61,8.4,5.33
79846829010,Amanda Hudson,20,Feminino,carolyngraham@example.com,721,False,,6.4,7.75,7.65
25325747517,Kimberly Moore,27,Masculino,daniel67@example.com,722,False,,9.22,6.3,8.84
43154401790,Renee Miranda DDS,24,Masculino,awells@example.com,675,False,,7.51,7.39,9.78
89594109550,Megan Rivera,22,Masculino,hsmith@example.net,682,False,,9.15,9.6,9.99
98879311441,Charles Rollins,20,Masculino,rgaines@example.org,745,False,,7.3,8.3,9.7
62786828096,Stephanie Powell,21,Masculino,zpatton@example.com,714,True,7.0,6.89,9.83,7.49
34383764111,Michelle Lopez,25,Feminino,christopher54@example.net,706,False,,5.6,8.23,8.85
89570412137,Katie Bates,20,Masculino,christopher71@example.org,773,False,,9.9,6.54,8.69
12400419497,Sheri Riggs,23,Masculino,ramseykimberly@example.net,727,False,,5.59,6.25,7.6
2206463537,Erik Turner,25,Masculino,iswanson@example.com,681,False,,8.84,8.83,6.37
19281912008,Amanda Scott,19,Feminino,cflores@example.com,683,False,,8.84,8.6,8.8
93230709838,John Rogers,24,Feminino,duncanlinda@example.org,682,False,,9.51,9.21,5.38
59318648383,Carmen White,18,Masculino,mccoymatthew@example.org,717,False,,6.0,6.85,8.86
31075656684,Andrea Contreras,28,Feminino,marcusjoyce@example.com,710,False,,9.61,9.23,6.4
95933356189,Katherine Garcia,19,Masculino,gillashley@example.com,742,False,,8.61,7.19,9.81
18783258795,Cynthia Hill,18,Feminino,pearsonjodi@example.org,756,False,,7.11,7.87,7.92
44796504192,Jacob Wright,18,Feminino,nbryant@example.org,723,True,6.0,8.73,6.92,9.34
61596125875,Tanner Thomas,18,Feminino,psloan@example.net,787,False,,8.11,9.14,7.76
32192623855,Bradley Boyd,22,Feminino,denise73@example.org,716,False,,7.86,8.56,6.72
40200548070,Julie Hunter,19,Masculino,charlesrios@example.org,739,False,,7.68,9.66,5.65
11327016291,Olivia Deleon,18,Feminino,connieherrera@example.org,695,False,,8.97,5.91,6.55
58509594338,Desiree Burton,26,Feminino,aliciawillis@example.com,785,False,,9.82,8.61,5.55
12721039168,Jeremy Shah,27,Feminino,mphillips@example.com,737,False,,8.42,9.31,5.3
73913956055,Cynthia Campbell,19,Feminino,callen@example.com,778,False,,5.42,7.69,7.3
37154926239,Carly White,22,Feminino,kiddbrandi@example.com,781,False,,7.9,9.72,7.31
3528517745,Stanley Wright,26,Feminino,rdaniels@example.com,727,False,,8.11,8.75,7.1
49178468707,Margaret Stewart,23,Masculino,lisa91@example.net,724,False,,9.7,8.61,7.3
20633302144,Nicole Jensen,27,Feminino,vincentstewart@example.org,749,False,,9.31,5.4,6.55
95956592017,Robert Bautista,20,Feminino,smoore@example.com,728,False,,5.46,8.28,6.9
44022191899,James Barker,18,Masculino,brittanythornton@example.org,785,False,,6.5,8.89,5.31
61731572252,Justin Clark,23,Masculino,zquinn@example.com,728,True,1.0,7.66,7.64,5.86
71496026327,Daniel Porter,25,Masculino,lisaclark@example.org,720,True,6.0,9.5,8.45,9.52
22333859554,Katherine Medina,23,Feminino,benjaminberry@example.org,773,False,,6.84,8.83,5.5
93085035714,Kimberly Sanchez,21,Feminino,jeremiah87@example.org,796,False,,8.7,7.89,9.61
337228725,Joshua Sims,28,Feminino,qluna@example.org,699,False,,7.73,8.78,7.99
45836205512,Oscar Hernandez,18,Masculino,smanning@example.com,724,False,,6.57,6.47,9.43
97499029339,Virginia Hartman,19,Feminino,erin12@example.org,699,False,,5.98,6.48,8.56
20777796751,John Berry,20,Masculino,rwatkins@example.org,684,True,2.0,7.82,5.68,8.4
46860039411,Jessica Coleman,28,Feminino,tonya33@example.net,746,False,,9.97,6.15,8.15
96637029552,Pamela Harrington,27,Feminino,olozano@example.net,774,False,,6.2,6.69,7.61
19463097291,Angela Shaffer,23,Feminino,brad70@example.com,792,False,,7.1,8.13,8.6
71887277251,Matthew Reid,23,Masculino,clarktracy@example.org,796,False,,7.24,6.4,8.78
38094039411,Deborah Mata,25,Masculino,david34@example.org,733,False,,9.33,9.55,5.2
90664205643,Thomas Clayton,25,Masculino,manderson@example.net,799,True,2.0,7.19,5.12,7.61
725435391,Dana Blair,24,Feminino,grobinson@example.net,765,False,,6.89,5.77,9.87
53335689931,Nicole Myers,18,Masculino,harrissarah@example.net,693,True,4.0,8.44,9.33,9.64
44800638723,Matthew Sanchez,21,Masculino,chandlerheather@example.net,788,False,,5.89,8.15,5.3
39469335549,Paul Smith,27,Feminino,curtisvalerie@example.net,652,True,2.0,7.64,8.25,9.93
30992857242,Kimberly Davis,19,Masculino,hernandezchristina@example.com,685,False,,9.95,7.24,8.0
40564788394,Rachel Bonilla,21,Masculino,morrisheather@example.net,707,False,,8.23,5.44,8.5
62091864450,Aaron Walker,18,Masculino,blanchardcynthia@example.net,697,False,,8.59,8.49,5.0
2420036593,Madeline Pennington,26,Feminino,jeffrey67@example.org,659,True,3.0,7.4,7.92,5.39
48900220191,Kimberly Jones,25,Feminino,danielrogers@example.com,782,True,6.0,8.72,5.37,5.19
39048034148,Levi Spears,18,Masculino,bhughes@example.net,720,False,,6.86,7.5,8.1
88209049943,Mrs. Cheryl Atkinson,19,Masculino,carteralex@example.com,655,False,,9.61,8.6,5.45
74229633004,Lisa Lane,19,Feminino,lfrye@example.com,672,True,5.0,9.52,8.9,6.13
31006018917,Michael Acosta,24,Masculino,angelicaparrish@example.org,783,False,,5.49,5.1,6.98
57270399958,Danielle Webb,23,Feminino,kellyzachary@example.org,711,True,2.0,9.3,6.78,7.82
5789727255,Ashley Olsen,25,Feminino,chasejennifer@example.org,654,False,,5.44,7.3,5.87
8068749196,David Brown,23,Feminino,modonnell@example.com,710,True,3.0,6.22,6.57,8.49
99593841246,James Hanna,26,Masculino,cartertiffany@example.org,686,True,3.0,5.41,9.8,5.29
90266360936,John Kirk,20,Feminino,emilyshields@example.com,778,True,6.0,5.1,6.69,7.0
51282567002,Mrs. Heidi Parker PhD,20,Masculino,thompsonjohn@example.org,654,False,,9.86,9.39,6.9
68067086703,Martha Peterson,25,Feminino,guzmanderek@example.org,771,False,,6.66,8.4,5.3
64165873741,Thomas Nguyen,27,Feminino,ithompson@example.net,770,False,,9.8,9.45,8.36
93115081119,Robert Kelley,23,Feminino,evansjames@example.com,769,True,6.0,7.8,8.28,7.33
33361736100,Jacob Lee,22,Masculino,marcushorton@example.com,754,False,,9.8,5.59,7.95
57584711996,Michael Walker,23,Masculino,hudsonjenny@example.com,748,False,,6.6,5.59,7.71
32332989390,Evan Vaughn,27,Feminino,susan29@example.org,676,False,,5.2,7.54,9.4
44960996799,Jennifer Hayes,28,Masculino,rdixon@example.net,691,False,,9.35,7.56,9.82
13489988355,Terry Calhoun,21,Feminino,ojacobs@example.net,736,False,,7.46,5.43,8.4
58448314786,Christopher King,28,Feminino,uabbott@example.com,666,True,7.0,6.49,6.78,5.16
33891121516,Maria Graham,23,Feminino,huntertrevor@example.net,755,False,,6.8,7.33,7.8
66022908777,Cassandra Perry,18,Feminino,lindabass@example.com,685,True,5.0,9.0,7.29,6.61
99921888102,Dennis Ferguson,26,Feminino,gthompson@example.net,720,False,,9.79,8.82,5.62
62062117121,Sarah Carter,20,Masculino,porteraimee@example.net,776,False,,6.64,9.5,8.7
83285508953,Paul Fisher,28,Feminino,jamesfrancis@example.com,657,True,7.0,7.73,8.85,9.29
46871618706,Kenneth Becker,20,Masculino,cervantesfelicia@example.com,753,False,,6.59,9.13,9.97
92758535508,Daniel Dunn,20,Masculino,yorkpaul@example.org,787,False,,7.3,5.56,9.4
90182022209,Rebecca Stone,26,Feminino,twright@example.com,795,False,,9.26,6.76,9.18
31908435807,Patrick Hardin,18,Masculino,mooremelanie@example.org,791,True,7.0,9.7,7.42,6.2
59425557957,Jessica Banks,28,Feminino,jennifer33@example.net,737,False,,5.2,6.1,5.24
15431195000,Melvin Hoffman,25,Feminino,arnoldalexandria@example.com,712,False,,9.8,6.12,9.41
97834628526,Christina Williams,28,Feminino,andrea76@example.org,794,True,4.0,9.27,8.7,9.81
57236186349,Alyssa Tucker,27,Feminino,danielle99@example.org,756,False,,9.67,6.66,7.4
63069517708,Steven Hall,24,Feminino,jameshebert@example.net,669,False,,8.78,6.89,9.74
12840632699,Kathy Weaver,21,Masculino,richardbrown@example.com,765,False,,6.45,9.12,5.44
44487525386,Eric Lewis,23,Feminino,alexandrajenkins@example.net,702,True,4.0,7.15,5.34,6.91
35480860881,Mary Smith,27,Masculino,griffithjeremiah@example.net,684,False,,8.53,7.31,9.17
19301385922,Jennifer Fletcher,21,Masculino,ann45@example.com,762,False,,7.14,7.96,6.32
57648193730,Aaron Smith,23,Feminino,martinezmatthew@example.net,672,False,,9.12,8.31,6.3
6490131559,Wendy Patton,20,Masculino,kelly88@example.com,775,True,4.0,6.3,6.0,9.74
31528193375,Kayla Richardson,19,Feminino,valenzuelaalexis@example.com,683,False,,7.84,7.72,7.89
41512890716,Jeremy Cox,27,Masculino,rwalker@example.org,668,False,,5.66,8.36,5.12
53154144966,Mark Valdez,19,Feminino,timothy16@example.org,764,False,,9.57,7.46,7.62
2386873695,James Davis,25,Feminino,lwhitehead@example.com,726,False,,6.15,7.7,9.12
44996027800,Renee Kaufman,26,Feminino,wburgess@example.com,733,False,,8.6,6.68,7.94
15914881380,Kathleen Smith,19,Masculino,shaffercrystal@example.net,701,False,,8.61,7.43,5.46
86837327764,Alyssa Mahoney,22,Feminino,danameyer@example.org,728,False,,8.23,9.1,7.78
84995034901,Maria Glass,24,Feminino,wmiranda@example.com,653,False,,5.84,6.93,6.85
53198809138,Tina Charles,22,Feminino,andersonjohn@example.com,659,False,,7.35,5.4,7.3
74146394242,Neil Andrews,25,Masculino,twilliams@example.net,718,False,,8.12,5.43,8.77
7245679499,Robert Jackson,19,Feminino,katherinesmith@example.org,800,False,,8.7,6.82,8.5
7322494380,Robert Hernandez,23,Feminino,sherylbrown@example.org,749,False,,6.86,8.17,6.82
48012792060,Barry Leon,25,Feminino,spencersummer@example.net,778,False,,7.35,8.67,6.28
11178200305,John Ryan,23,Feminino,kristyjackson@example.com,671,False,,8.16,7.4,8.66
67877608644,Denise Hoover,23,Feminino,gravessusan@example.org,709,False,,8.3,9.82,9.8
98677968020,Rebecca Wagner,22,Feminino,gtaylor@example.org,669,False,,8.41,8.51,9.94
24860644936,Karen Rodriguez,21,Masculino,scott06@example.org,763,True,6.0,5.6,7.59,8.94
79786477058,Eric Lane,27,Masculino,courtney52@example.com,796,True,6.0,6.19,9.49,8.81
35949145961,Ashley Carter,25,Masculino,douglasrebecca@example.com,686,False,,6.19,5.93,5.58
31336317240,Chad Martinez,20,Feminino,mitchellpatricia@example.net,735,True,1.0,8.52,9.92,8.72
56973671532,Emily Cooper,28,Feminino,michaelaoconnor@example.net,789,True,4.0,9.2,9.77,9.3
35230965992,Joanne Murphy,19,Feminino,ahumphrey@example.com,715,False,,9.13,7.54,6.7
77334154561,James Evans,23,Masculino,djacobson@example.net,749,False,,7.26,6.1,9.55
67748534518,Joseph Jones,28,Feminino,wongsydney@example.org,741,False,,5.27,8.7,9.86
8728206506,Marie Richardson,20,Feminino,xgraham@example.net,798,False,,8.22,5.15,5.41
23133040718,Michelle Bell,24,Feminino,franksalinas@example.org,767,False,,8.4,9.88,7.39
89779461391,John Meyer,19,Masculino,wilsonjames@example.net,724,True,2.0,7.12,8.38,7.16
64395804132,Terri Sexton,24,Masculino,william02@example.net,742,False,,9.51,6.0,8.64
98681428194,Amy Hall,24,Masculino,hutchinsonanthony@example.net,717,False,,6.1,8.19,8.51
39407467025,Pamela Fernandez,22,Feminino,xvasquez@example.com,656,False,,8.98,6.92,8.23
75186170274,Nancy Jones,26,Feminino,rebeccanelson@example.org,718,False,,7.2,6.35,9.79
74277621452,Christopher Johnson,21,Masculino,cobbandrea@example.com,706,False,,7.45,9.21,8.8
44828542159,Dennis Soto,28,Masculino,bdiaz@example.org,696,True,8.0,7.11,9.21,9.3
17696665022,Samantha Jenkins,23,Feminino,xkim@example.net,772,False,,6.13,8.43,9.64
65655863047,Nicholas Robinson,20,Masculino,jonesrobert@example.com,755,True,5.0,6.65,7.32,8.3
20129452833,Danielle James,20,Masculino,gregory22@example.com,641,False,,6.39,9.98,6.53
7515280137,Vickie Vaughn,22,Feminino,nicolefrancis@example.com,664,False,,6.3,6.84,9.28
92310729995,George Flowers,23,Feminino,simmonsstephen@example.com,773,False,,9.84,7.8,6.25
45187671211,Brittany Garcia,25,Masculino,rhunt@example.org,763,False,,7.26,9.24,7.72
12254875322,Chad Crawford,24,Feminino,dunnguy@example.com,752,False,,8.73,9.39,5.74
88041553634,Matthew Powell,22,Feminino,anthonymedina@example.org,792,False,,9.1,7.13,8.51
6234186422,Dr. Zachary Merritt PhD,22,Masculino,cooperrita@example.org,798,False,,7.37,7.1,7.49
45754575367,Brandy Gray,23,Masculino,danielneal@example.com,775,False,,9.84,9.51,8.32
45051426871,Marvin Cooper,26,Masculino,ohenderson@example.com,709,True,2.0,8.19,9.5,6.57
56401854657,Andrew Mendoza,22,Feminino,edwardsbenjamin@example.com,683,False,,5.63,8.88,7.64
44991343670,Michelle Holt,25,Feminino,jacob92@example.net,648,False,,7.9,9.12,7.99
32568722488,Jane Brennan,19,Masculino,veronicamartin@example.net,692,False,,7.6,7.27,6.48
82123938678,Kimberly Goodwin,24,Feminino,igarner@example.net,778,False,,5.48,9.24,7.93
80768411544,Joseph Campbell,21,Masculino,elizabethturner@example.org,680,False,,8.45,5.69,8.79
77871708399,Thomas Miller,24,Masculino,gonzalezsherry@example.net,731,False,,6.18,9.33,5.34
36736283365,Michelle Adams,27,Feminino,douglas36@example.com,650,False,,5.41,5.54,7.57
26999389883,Amanda Brown,18,Feminino,icurtis@example.com,667,True,8.0,6.35,7.14,5.85
78846717736,Dr. Heather Dillon DDS,25,Feminino,rebeccajones@example.org,687,True,7.0,6.75,8.3,6.78
95003475024,Toni Watkins,20,Feminino,aarmstrong@example.org,686,True,7.0,8.37,5.13,7.92
22812086633,Regina Carter,28,Feminino,halebrenda@example.org,707,False,,7.62,8.38,5.41
65130294739,Michelle Gomez,25,Feminino,hartmatthew@example.com,750,False,,9.62,9.55,5.39
89922459606,Jeremy Strickland,18,Masculino,vparker@example.com,663,False,,5.66,8.44,8.61
68055885872,Samuel Anderson,28,Feminino,jandrews@example.com,776,True,6.0,5.47,7.96,7.82
92546404806,Tracy Clarke,19,Masculino,wrighteric@example.org,787,True,7.0,5.55,6.28,9.44
87745531497,Timothy Marshall,24,Feminino,charlesjohn@example.com,746,False,,8.33,6.69,7.46
96259619328,Bryan Lopez,24,Feminino,whitesavannah@example.com,664,False,,7.18,8.4,7.74
10206829475,Joseph Lam,23,Feminino,gallowaybarbara@example.org,783,False,,9.8,8.62,8.11
39089310904,Robert Nelson,26,Masculino,aaronjones@example.com,675,False,,5.98,8.7,8.23
66033126125,Ralph Carson,18,Masculino,wthompson@example.net,677,True,7.0,5.67,6.24,9.94
31863041779,Benjamin Scott,20,Feminino,morrisonconnor@example.org,760,False,,9.9,9.54,8.6
77784293691,Lisa Liu,26,Feminino,prestonsamuel@example.net,742,False,,5.6,9.19,6.77
36265188239,Joseph Patterson,24,Masculino,edward78@example.net,714,False,,7.5,5.89,9.71
67629542289,Stacy Cantrell,28,Feminino,zamorarebecca@example.org,700,True,4.0,6.84,6.84,9.16
64725058714,Victor Rivas,21,Masculino,oroberts@example.com,647,False,,6.78,6.1,9.55
41924966468,James Aguirre,26,Masculino,arhodes@example.net,764,True,4.0,9.45,7.19,7.4
78134609910,Mark Stone,28,Masculino,smithmolly@example.com,738,False,,9.59,8.37,7.85
72200115947,Chase Wright,20,Masculino,michael66@example.com,699,False,,8.71,6.34,6.37
21698746416,Denise Huff,18,Feminino,cheryl55@example.org,756,False,,8.62,7.94,5.95
80698619620,Tiffany Schaefer,26,Feminino,harrisjohn@example.com,749,False,,9.78,7.88,9.64
27263341966,Paige Smith,22,Feminino,aarongiles@example.net,697,False,,5.28,8.33,6.64
33067158202,Ashley Cummings,20,Masculino,iduncan@example.org,713,False,,6.54,7.47,5.48
11165173080,James Baird,20,Feminino,mjohnson@example.com,800,True,4.0,6.42,5.52,9.2
70488856847,Sarah Dominguez,22,Feminino,hernandezlisa@example.com,728,False,,5.66,6.83,9.13
30661943754,James Flowers,22,Feminino,davidsantiago@example.org,786,True,5.0,5.92,5.98,7.3
6514724151,Joseph Anderson,22,Feminino,derekbailey@example.org,732,False,,7.0,9.65,8.32
57625310568,Mark Campbell,22,Masculino,kentdavid@example.org,664,False,,7.2,8.23,5.73
58028742673,Nancy Leon,28,Masculino,burnettnatalie@example.net,774,False,,9.78,9.44,5.1
74491678953,Mrs. Nancy Gutierrez,26,Feminino,cgreen@example.org,780,True,7.0,7.2,6.91,7.85
88935150468,Jennifer Shepard,19,Feminino,kthomas@example.org,785,False,,5.96,9.2,6.15
12808241094,Anne Moody,20,Feminino,logan57@example.net,792,False,,6.21,7.65,9.46
82439269373,Amanda Wiggins,28,Feminino,phoffman@example.org,782,False,,5.55,9.71,7.13
47754184939,Erin Myers,23,Feminino,lisaespinoza@example.org,701,False,,9.28,6.11,7.1
